timestamp,open,high,low,close,volume
2025-01-17 16:00:00,9.7,9.77,9.56,9.66,868773.76
2025-01-17 20:00:00,9.66,9.84,9.62,9.75,610243.63
2025-01-18 00:00:00,9.75,9.87,9.45,9.48,816512.82
2025-01-18 04:00:00,9.49,9.54,9.15,9.18,1418037.17
2025-01-18 08:00:00,9.18,9.3,9.06,9.28,1062335.73
2025-01-18 12:00:00,9.27,9.38,9.13,9.28,953652.07
2025-01-18 16:00:00,9.28,9.37,9.1,9.28,1157106.3
2025-01-18 20:00:00,9.28,9.35,9.12,9.33,533552.55
2025-01-19 00:00:00,9.33,9.51,9.3,9.36,1079023.68
2025-01-19 04:00:00,9.36,9.54,9.22,9.28,1794538.29
2025-01-19 08:00:00,9.29,9.29,8.67,8.75,3259732.55
2025-01-19 12:00:00,8.75,9.48,8.72,9.35,2747745.03
2025-01-19 16:00:00,9.34,9.56,9.28,9.47,1029077.84
2025-01-19 20:00:00,9.47,9.51,8.39,8.5,6733960.12
2025-01-20 00:00:00,8.49,8.59,8.21,8.41,4279646.81
2025-01-20 04:00:00,8.4,9.27,8.33,9.04,3984452.73
2025-01-20 08:00:00,9.04,9.14,8.79,8.9,950468.06
2025-01-20 12:00:00,8.9,8.92,8.54,8.77,2233996.79
2025-01-20 16:00:00,8.77,8.86,8.3,8.62,3342846.17
2025-01-20 20:00:00,8.62,8.67,8.38,8.55,792924.08
2025-01-21 00:00:00,8.55,8.59,8.29,8.36,1833945.2
2025-01-21 04:00:00,8.36,8.37,8.15,8.26,1672956.16
2025-01-21 08:00:00,8.25,8.48,8.12,8.46,1514458.05
2025-01-21 12:00:00,8.47,8.57,8.35,8.49,1011698.95
2025-01-21 16:00:00,8.48,8.88,8.46,8.78,1226138.18
2025-01-21 20:00:00,8.79,8.85,8.67,8.74,761997.56
2025-01-22 00:00:00,8.74,8.97,8.72,8.88,830208.2
2025-01-22 04:00:00,8.88,8.92,8.63,8.64,735424.95
2025-01-22 08:00:00,8.64,8.75,8.55,8.72,578205.56
2025-01-22 12:00:00,8.72,8.76,8.51,8.56,1090916.17
2025-01-22 16:00:00,8.56,8.67,8.5,8.55,1030594.6
2025-01-22 20:00:00,8.56,8.63,8.45,8.5,590101.33
2025-01-23 00:00:00,8.49,8.51,8.29,8.38,808561.96
2025-01-23 04:00:00,8.37,8.4,8.25,8.38,594303.44
2025-01-23 08:00:00,8.38,8.39,8.21,8.3,628467.75
2025-01-23 12:00:00,8.29,8.53,8.19,8.45,1491163.84
2025-01-23 16:00:00,8.45,8.59,8.18,8.21,1121508.0
2025-01-23 20:00:00,8.2,8.43,8.08,8.33,2272298.54
2025-01-24 00:00:00,8.33,8.38,7.98,8.1,942441.77
2025-01-24 04:00:00,8.09,8.46,8.05,8.34,747034.94
2025-01-24 08:00:00,8.34,8.55,8.31,8.51,1077835.1
2025-01-24 12:00:00,8.51,8.58,8.42,8.52,1042221.92
2025-01-24 16:00:00,8.51,8.58,8.39,8.41,654265.06
2025-01-24 20:00:00,8.41,8.45,8.15,8.21,581925.72
2025-01-25 00:00:00,8.22,8.23,8.05,8.18,1118829.8
2025-01-25 04:00:00,8.17,8.18,8.03,8.1,801125.86
2025-01-25 08:00:00,8.1,8.18,8.05,8.15,376837.49
2025-01-25 12:00:00,8.16,8.23,8.06,8.19,596688.32
2025-01-25 16:00:00,8.18,8.26,8.12,8.2,403627.57
2025-01-25 20:00:00,8.2,8.26,8.08,8.1,728847.18
2025-01-26 00:00:00,8.1,8.28,8.07,8.24,436623.45
2025-01-26 04:00:00,8.24,8.45,8.22,8.31,709277.38
2025-01-26 08:00:00,8.3,8.36,8.12,8.21,574311.68
2025-01-26 12:00:00,8.21,8.23,8.16,8.19,505652.84
2025-01-26 16:00:00,8.19,8.28,8.15,8.24,358818.56
2025-01-26 20:00:00,8.24,8.25,7.81,7.83,897505.65
2025-01-27 00:00:00,7.83,7.83,7.32,7.42,2629700.63
2025-01-27 04:00:00,7.42,7.43,6.86,7.1,2715489.49
2025-01-27 08:00:00,7.1,7.18,6.92,7.09,1972961.06
2025-01-27 12:00:00,7.1,7.5,7.07,7.45,2635228.74
2025-01-27 16:00:00,7.46,7.48,7.2,7.32,1538137.02
2025-01-27 20:00:00,7.33,7.77,7.33,7.62,1022129.83
2025-01-28 00:00:00,7.63,7.71,7.5,7.65,675050.93
2025-01-28 04:00:00,7.65,7.76,7.64,7.66,493952.81
2025-01-28 08:00:00,7.67,7.68,7.59,7.62,455835.19
2025-01-28 12:00:00,7.63,7.7,7.49,7.6,1172354.21
2025-01-28 16:00:00,7.59,7.61,7.39,7.45,974014.67
2025-01-28 20:00:00,7.45,7.47,7.12,7.22,1029263.55
2025-01-29 00:00:00,7.21,7.4,7.16,7.35,814272.63
2025-01-29 04:00:00,7.36,7.54,7.33,7.49,494052.97
2025-01-29 08:00:00,7.5,7.53,7.37,7.43,584434.71
2025-01-29 12:00:00,7.44,7.52,7.23,7.29,1330398.7
2025-01-29 16:00:00,7.3,7.55,7.18,7.46,2413385.29
2025-01-29 20:00:00,7.46,7.68,7.36,7.43,1702225.16
2025-01-30 00:00:00,7.43,7.64,7.36,7.61,1075757.41
2025-01-30 04:00:00,7.62,7.64,7.51,7.59,696362.69
2025-01-30 08:00:00,7.59,7.7,7.52,7.69,598511.83
2025-01-30 12:00:00,7.7,7.91,7.64,7.84,1477594.14
2025-01-30 16:00:00,7.85,8.02,7.83,7.9,1278011.74
2025-01-30 20:00:00,7.9,7.97,7.82,7.84,767097.25
2025-01-31 00:00:00,7.84,7.92,7.68,7.74,759465.69
2025-01-31 04:00:00,7.74,8.1,7.67,7.98,1161814.4
2025-01-31 08:00:00,7.99,8.23,7.84,8.13,959948.38
2025-01-31 12:00:00,8.13,8.42,8.08,8.4,1211552.16
2025-01-31 16:00:00,8.4,8.4,7.9,7.92,1711159.17
2025-01-31 20:00:00,7.92,7.94,7.78,7.8,1091066.66
2025-02-01 00:00:00,7.81,7.86,7.69,7.71,1282834.47
2025-02-01 04:00:00,7.71,7.74,7.61,7.62,959082.78
2025-02-01 08:00:00,7.62,7.64,7.34,7.42,1558097.1
2025-02-01 12:00:00,7.42,7.5,7.33,7.42,1244657.95
2025-02-01 16:00:00,7.42,7.45,7.21,7.24,1001847.86
2025-02-01 20:00:00,7.23,7.28,7.01,7.05,1372338.7
2025-02-02 00:00:00,7.06,7.19,6.86,6.89,1568409.45
2025-02-02 04:00:00,6.89,7.11,6.87,6.97,1469116.99
2025-02-02 08:00:00,6.97,7.12,6.88,6.91,911149.58
2025-02-02 12:00:00,6.91,7.05,6.84,6.92,1615368.34
2025-02-02 16:00:00,6.93,6.93,6.23,6.43,6278651.58
2025-02-02 20:00:00,6.43,6.47,5.85,6.16,4507856.07
2025-02-03 00:00:00,6.16,6.16,4.57,5.17,13316575.26
2025-02-03 04:00:00,5.17,5.85,5.08,5.79,6935736.17
2025-02-03 08:00:00,5.78,5.94,5.55,5.74,3036466.31
2025-02-03 12:00:00,5.75,6.21,5.57,6.13,7085710.42
2025-02-03 16:00:00,6.13,6.35,6.05,6.33,2633587.9
2025-02-03 20:00:00,6.33,6.51,6.19,6.5,2257948.23
2025-02-04 00:00:00,6.5,6.58,6.25,6.27,1440783.82
2025-02-04 04:00:00,6.26,6.3,5.84,5.86,2733525.44
2025-02-04 08:00:00,5.86,6.17,5.83,6.08,1735886.61
2025-02-04 12:00:00,6.09,6.34,6.08,6.17,3064474.72
2025-02-04 16:00:00,6.18,6.38,6.1,6.1,2161146.03
2025-02-04 20:00:00,6.11,6.16,5.83,6.08,3745772.99
2025-02-05 00:00:00,6.08,6.18,6.01,6.13,1703236.08
2025-02-05 04:00:00,6.14,6.23,6.06,6.12,1257960.88
2025-02-05 08:00:00,6.11,6.26,6.09,6.24,1185571.69
2025-02-05 12:00:00,6.25,6.27,6.09,6.14,1895046.14
2025-02-05 16:00:00,6.14,6.16,5.88,6.06,2469967.15
2025-02-05 20:00:00,6.06,6.09,5.87,5.97,1576063.87
2025-02-06 00:00:00,5.97,6.05,5.89,6.02,1250088.56
2025-02-06 04:00:00,6.02,6.16,6.0,6.05,928445.33
2025-02-06 08:00:00,6.05,6.13,5.97,6.01,1189234.97
2025-02-06 12:00:00,6.02,6.04,5.71,5.77,3668658.21
2025-02-06 16:00:00,5.77,5.85,5.68,5.73,2790785.55
2025-02-06 20:00:00,5.72,5.84,5.68,5.73,1612800.23
2025-02-07 00:00:00,5.73,6.03,5.72,5.92,1870796.94
2025-02-07 04:00:00,5.93,5.94,5.7,5.71,1580583.6
2025-02-07 08:00:00,5.71,5.92,5.68,5.9,1915966.74
2025-02-07 12:00:00,5.89,6.26,5.83,6.02,4622631.8
2025-02-07 16:00:00,6.03,6.04,5.79,5.8,2101993.61
2025-02-07 20:00:00,5.79,5.81,5.53,5.72,2331503.52
2025-02-08 00:00:00,5.72,5.78,5.63,5.64,1026673.47
2025-02-08 04:00:00,5.64,5.66,5.51,5.6,900918.3
2025-02-08 08:00:00,5.6,5.67,5.53,5.6,1259931.14
2025-02-08 12:00:00,5.59,5.76,5.54,5.67,1482076.71
2025-02-08 16:00:00,5.68,5.85,5.62,5.83,1167795.41
2025-02-08 20:00:00,5.84,5.89,5.79,5.84,786391.98
2025-02-09 00:00:00,5.84,5.98,5.77,5.97,1461661.2
2025-02-09 04:00:00,5.97,5.97,5.85,5.9,1074880.19
2025-02-09 08:00:00,5.9,5.95,5.88,5.88,1034732.9
2025-02-09 12:00:00,5.88,5.92,5.74,5.9,1244101.11
2025-02-09 16:00:00,5.91,5.97,5.81,5.83,1186446.39
2025-02-09 20:00:00,5.84,5.93,5.59,5.91,2279388.88
2025-02-10 00:00:00,5.91,6.11,5.67,5.93,3850052.68
2025-02-10 04:00:00,5.92,6.14,5.91,6.08,2418140.05
2025-02-10 08:00:00,6.08,6.38,6.06,6.22,2542831.38
2025-02-10 12:00:00,6.21,6.4,6.08,6.21,3138771.49
2025-02-10 16:00:00,6.21,6.31,6.17,6.2,1628682.83
2025-02-10 20:00:00,6.2,6.25,6.13,6.2,853872.86
2025-02-11 00:00:00,6.19,6.39,6.18,6.29,1418618.58
2025-02-11 04:00:00,6.3,6.4,6.14,6.33,2109989.77
2025-02-11 08:00:00,6.33,6.37,6.1,6.15,2152176.86
2025-02-11 12:00:00,6.15,6.16,5.84,5.97,2442025.75
2025-02-11 16:00:00,5.97,6.03,5.8,5.82,1291559.59
2025-02-11 20:00:00,5.82,5.94,5.81,5.88,820746.26
2025-02-12 00:00:00,5.89,5.99,5.83,5.89,1227292.59
2025-02-12 04:00:00,5.88,5.94,5.83,5.91,1145464.74
2025-02-12 08:00:00,5.91,6.05,5.89,6.0,1000929.09
2025-02-12 12:00:00,6.01,6.13,5.74,5.92,3588729.39
2025-02-12 16:00:00,5.91,6.15,5.83,6.01,2038509.26
2025-02-12 20:00:00,6.01,6.25,5.98,6.15,1427446.87
2025-02-13 00:00:00,6.16,6.31,6.1,6.26,1450500.5
2025-02-13 04:00:00,6.27,6.28,6.07,6.09,1166515.47
2025-02-13 08:00:00,6.09,6.22,6.07,6.17,1100664.71
2025-02-13 12:00:00,6.17,6.2,5.94,6.06,2646374.84
2025-02-13 16:00:00,6.06,6.15,5.96,6.07,1760412.12
2025-02-13 20:00:00,6.07,6.2,6.06,6.14,780799.14
2025-02-14 00:00:00,6.14,6.27,6.08,6.25,783238.29
2025-02-14 04:00:00,6.25,6.26,6.14,6.19,555706.16
2025-02-14 08:00:00,6.19,6.32,6.12,6.16,1386187.6
2025-02-14 12:00:00,6.16,6.27,6.06,6.15,1674073.68
2025-02-14 16:00:00,6.14,6.28,6.04,6.18,1574124.7
2025-02-14 20:00:00,6.18,6.21,6.02,6.1,873797.18
2025-02-15 00:00:00,6.1,6.18,6.02,6.17,617840.86
2025-02-15 04:00:00,6.16,6.27,6.12,6.14,849340.59
2025-02-15 08:00:00,6.14,6.17,6.03,6.06,499696.77
2025-02-15 12:00:00,6.06,6.15,5.96,5.99,943904.09
2025-02-15 16:00:00,5.98,6.19,5.96,6.01,1083444.06
2025-02-15 20:00:00,6.02,6.06,5.98,6.0,370406.53
2025-02-16 00:00:00,6.01,6.05,5.92,5.97,630190.47
2025-02-16 04:00:00,5.97,6.02,5.88,5.9,346435.96
2025-02-16 08:00:00,5.9,6.0,5.86,6.0,683002.05
2025-02-16 12:00:00,6.0,6.01,5.84,5.89,497158.75
2025-02-16 16:00:00,5.89,5.92,5.77,5.83,793932.25
2025-02-16 20:00:00,5.83,5.87,5.77,5.81,547169.41
2025-02-17 00:00:00,5.81,5.93,5.8,5.91,725024.76
2025-02-17 04:00:00,5.91,5.92,5.76,5.84,990934.67
2025-02-17 08:00:00,5.83,6.12,5.81,6.03,1371722.69
2025-02-17 12:00:00,6.03,6.16,5.99,6.0,894216.32
2025-02-17 16:00:00,6.0,6.06,5.8,5.92,1200616.38
2025-02-17 20:00:00,5.92,6.06,5.87,5.93,929929.18
2025-02-18 00:00:00,5.93,5.95,5.83,5.89,846489.14
2025-02-18 04:00:00,5.89,5.93,5.49,5.55,2235615.87
2025-02-18 08:00:00,5.56,5.63,5.48,5.59,1256845.77
2025-02-18 12:00:00,5.59,5.68,5.42,5.44,1700237.09
2025-02-18 16:00:00,5.44,5.55,5.34,5.51,1764120.76
2025-02-18 20:00:00,5.52,5.64,5.49,5.64,885711.17
2025-02-19 00:00:00,5.63,5.87,5.58,5.81,1045694.85
2025-02-19 04:00:00,5.81,6.27,5.75,6.18,2882415.17
2025-02-19 08:00:00,6.18,6.51,6.17,6.47,3523240.16
2025-02-19 12:00:00,6.47,6.63,6.37,6.44,4501617.45
2025-02-19 16:00:00,6.43,6.58,6.39,6.42,2047365.56
2025-02-19 20:00:00,6.43,6.5,6.23,6.33,1582825.44
2025-02-20 00:00:00,6.32,6.76,6.27,6.73,2830623.08
2025-02-20 04:00:00,6.72,7.06,6.53,6.56,3359009.51
2025-02-20 08:00:00,6.56,6.71,6.45,6.58,1667749.11
2025-02-20 12:00:00,6.57,6.59,6.16,6.17,2990242.65
2025-02-20 16:00:00,6.17,6.39,6.13,6.29,2435669.86
2025-02-20 20:00:00,6.3,6.37,6.22,6.32,984049.47
2025-02-21 00:00:00,6.33,6.45,6.21,6.35,2037975.53
2025-02-21 04:00:00,6.36,6.45,6.32,6.35,1358594.59
2025-02-21 08:00:00,6.34,6.5,6.32,6.36,1444439.29
2025-02-21 12:00:00,6.35,6.44,6.04,6.17,3377814.11
2025-02-21 16:00:00,6.17,6.32,5.9,5.93,3675087.92
2025-02-21 20:00:00,5.92,6.07,5.91,5.99,1248340.08
2025-02-22 00:00:00,5.99,6.05,5.93,5.96,1045994.74
2025-02-22 04:00:00,5.96,6.12,5.95,6.06,1005629.07
2025-02-22 08:00:00,6.06,6.09,5.93,6.05,1300608.65
2025-02-22 12:00:00,6.06,6.1,5.99,6.09,839054.3
2025-02-22 16:00:00,6.09,6.17,6.06,6.07,1013711.79
2025-02-22 20:00:00,6.07,6.09,6.02,6.02,406466.9
2025-02-23 00:00:00,6.03,6.16,6.0,6.01,628255.29
2025-02-23 04:00:00,6.01,6.24,5.96,6.22,982901.86
2025-02-23 08:00:00,6.22,6.24,6.13,6.15,601010.11
2025-02-23 12:00:00,6.14,6.21,6.06,6.08,704194.65
2025-02-23 16:00:00,6.07,6.18,6.06,6.11,618556.25
2025-02-23 20:00:00,6.1,6.16,6.05,6.11,691217.69
2025-02-24 00:00:00,6.11,6.16,5.78,5.8,2122916.68
2025-02-24 04:00:00,5.8,5.86,5.74,5.82,1296888.44
2025-02-24 08:00:00,5.81,5.83,5.7,5.8,1250809.94
2025-02-24 12:00:00,5.79,5.86,5.63,5.71,1868412.74
2025-02-24 16:00:00,5.71,5.75,5.54,5.61,1276530.3
2025-02-24 20:00:00,5.61,5.72,5.28,5.41,2184140.69
2025-02-25 00:00:00,5.41,5.49,5.27,5.33,2389020.63
2025-02-25 04:00:00,5.33,5.44,5.04,5.25,4375186.55
2025-02-25 08:00:00,5.25,5.46,5.17,5.43,3561852.3
2025-02-25 12:00:00,5.42,5.55,5.27,5.49,2963406.61
2025-02-25 16:00:00,5.49,5.71,5.46,5.7,1547082.59
2025-02-25 20:00:00,5.71,5.8,5.63,5.64,951669.23
2025-02-26 00:00:00,5.63,5.65,5.51,5.59,1498834.94
2025-02-26 04:00:00,5.58,5.69,5.58,5.65,844061.44
2025-02-26 08:00:00,5.64,5.76,5.58,5.64,1263012.3
2025-02-26 12:00:00,5.64,5.79,5.52,5.78,2168093.76
2025-02-26 16:00:00,5.77,5.86,5.57,5.68,2881211.16
2025-02-26 20:00:00,5.68,5.96,5.67,5.91,2101214.57
2025-02-27 00:00:00,5.91,6.5,5.91,6.26,3373186.14
2025-02-27 04:00:00,6.26,6.5,6.04,6.13,2745760.6
2025-02-27 08:00:00,6.13,6.21,6.09,6.1,855357.97
2025-02-27 12:00:00,6.11,6.31,6.09,6.24,2016090.33
2025-02-27 16:00:00,6.23,6.26,6.07,6.1,1049343.1
2025-02-27 20:00:00,6.1,6.16,6.01,6.16,1087826.16
2025-02-28 00:00:00,6.15,6.18,5.76,5.78,4140258.57
2025-02-28 04:00:00,5.78,5.84,5.63,5.71,3083327.84
2025-02-28 08:00:00,5.71,5.97,5.63,5.91,2137405.65
2025-02-28 12:00:00,5.91,6.29,5.84,6.19,2596359.57
2025-02-28 16:00:00,6.19,6.48,6.17,6.38,1212013.88
2025-02-28 20:00:00,6.38,6.49,6.31,6.46,765395.96
2025-03-01 00:00:00,6.45,6.51,6.35,6.41,1418302.06
2025-03-01 04:00:00,6.42,6.48,6.36,6.43,793292.74
2025-03-01 08:00:00,6.42,6.62,6.41,6.52,1972086.18
2025-03-01 12:00:00,6.52,6.56,6.3,6.4,1418886.3
2025-03-01 16:00:00,6.39,6.46,6.33,6.37,658518.66
2025-03-01 20:00:00,6.38,6.45,6.22,6.3,747301.34
2025-03-02 00:00:00,6.3,6.31,6.2,6.23,707235.39
2025-03-02 04:00:00,6.23,6.28,6.21,6.22,447239.29
2025-03-02 08:00:00,6.21,6.3,6.18,6.22,408518.49
2025-03-02 12:00:00,6.22,6.47,6.16,6.31,1774372.55
2025-03-02 16:00:00,6.31,6.81,6.28,6.65,3884612.97
2025-03-02 20:00:00,6.66,6.76,6.57,6.75,922147.91
2025-03-03 00:00:00,6.76,6.78,6.35,6.4,1305494.47
2025-03-03 04:00:00,6.4,6.45,6.17,6.41,1264358.71
2025-03-03 08:00:00,6.4,6.41,6.27,6.33,1266167.85
2025-03-03 12:00:00,6.34,6.44,6.19,6.22,1861365.97
2025-03-03 16:00:00,6.22,6.26,5.76,5.79,2701607.13
2025-03-03 20:00:00,5.8,5.85,5.61,5.74,1429653.94
2025-03-04 00:00:00,5.74,5.77,5.33,5.51,3028083.27
2025-03-04 04:00:00,5.51,5.55,5.42,5.46,1578220.76
2025-03-04 08:00:00,5.46,5.51,5.37,5.42,1016553.62
2025-03-04 12:00:00,5.42,5.55,5.23,5.35,3315389.28
2025-03-04 16:00:00,5.36,5.54,5.04,5.51,3183105.19
2025-03-04 20:00:00,5.51,5.6,5.39,5.45,1083838.52
2025-03-05 00:00:00,5.46,5.68,5.4,5.45,1476527.53
2025-03-05 04:00:00,5.45,5.53,5.42,5.51,581153.31
2025-03-05 08:00:00,5.5,6.0,5.49,5.83,2073025.37
2025-03-05 12:00:00,5.84,5.97,5.76,5.91,1760241.06
2025-03-05 16:00:00,5.9,6.45,5.81,6.36,3479966.14
2025-03-05 20:00:00,6.36,6.56,6.12,6.21,3085913.01
2025-03-06 00:00:00,6.2,6.31,6.12,6.25,1142111.65
2025-03-06 04:00:00,6.25,6.29,6.155,6.17,642961.77
2025-03-06 08:00:00,6.173,6.264,6.14,6.237,568439.46
2025-03-06 12:00:00,6.237,6.251,6.022,6.135,1029931.17
2025-03-06 16:00:00,6.135,6.151,5.913,5.962,509743.81
2025-03-06 20:00:00,5.963,6.084,5.943,5.999,380800.77
2025-03-07 00:00:00,5.997,6.208,5.81,6.038,2055852.24
2025-03-07 04:00:00,6.037,6.257,6.025,6.104,407725.36
2025-03-07 08:00:00,6.101,6.227,6.061,6.204,425912.03
2025-03-07 12:00:00,6.204,6.33,6.14,6.195,877525.57
2025-03-07 16:00:00,6.191,6.376,6.063,6.25,752653.92
2025-03-07 20:00:00,6.249,6.381,6.155,6.166,773731.96
2025-03-08 00:00:00,6.166,6.214,6.033,6.076,713989.0
2025-03-08 04:00:00,6.077,6.136,5.99,6.001,319141.25
2025-03-08 08:00:00,6.001,6.012,5.856,5.864,447559.52
2025-03-08 12:00:00,5.865,5.981,5.828,5.836,520665.58
2025-03-08 16:00:00,5.836,5.993,5.772,5.982,396358.06
2025-03-08 20:00:00,5.983,5.986,5.869,5.953,158540.94
2025-03-09 00:00:00,5.953,5.997,5.917,5.922,158702.72
2025-03-09 04:00:00,5.921,6.148,5.912,6.056,628579.46
2025-03-09 08:00:00,6.056,6.071,5.929,5.964,539455.03
2025-03-09 12:00:00,5.965,6.09,5.88,5.937,1218526.59
2025-03-09 16:00:00,5.936,6.029,5.628,5.799,1551226.78
2025-03-09 20:00:00,5.799,5.838,5.578,5.614,838336.34
2025-03-10 00:00:00,5.615,5.751,5.504,5.597,1131081.9
2025-03-10 04:00:00,5.598,5.687,5.512,5.538,537353.86
2025-03-10 08:00:00,5.538,5.758,5.367,5.625,1511975.65
2025-03-10 12:00:00,5.626,5.669,5.29,5.356,1554156.99
2025-03-10 16:00:00,5.355,5.37,5.011,5.2,1684877.95
2025-03-10 20:00:00,5.2,5.257,5.066,5.199,1248720.0
2025-03-11 00:00:00,5.2,5.318,5.015,5.225,2015083.95
2025-03-11 04:00:00,5.223,5.46,5.21,5.445,848345.57
2025-03-11 08:00:00,5.443,5.661,5.418,5.525,1438532.2
2025-03-11 12:00:00,5.524,5.625,5.334,5.49,2527947.48
2025-03-11 16:00:00,5.494,5.618,5.396,5.579,794932.49
2025-03-11 20:00:00,5.576,5.583,5.263,5.309,927503.4
2025-03-12 00:00:00,5.308,5.367,5.096,5.106,1040718.62
2025-03-12 04:00:00,5.105,5.19,5.065,5.185,823823.53
2025-03-12 08:00:00,5.184,5.274,5.116,5.187,1092453.51
2025-03-12 12:00:00,5.186,5.307,5.018,5.108,2381549.31
2025-03-12 16:00:00,5.107,5.16,5.055,5.117,1076186.17
2025-03-12 20:00:00,5.117,5.215,5.105,5.206,646432.84
2025-03-13 00:00:00,5.205,5.223,5.107,5.124,784045.38
2025-03-13 04:00:00,5.124,5.147,5.027,5.128,561339.76
2025-03-13 08:00:00,5.128,5.212,5.061,5.178,914632.12
2025-03-13 12:00:00,5.178,5.21,5.032,5.105,1314712.18
2025-03-13 16:00:00,5.105,5.137,4.909,4.995,1208962.03
2025-03-13 20:00:00,4.996,5.181,4.968,5.15,710280.58
2025-03-14 00:00:00,5.151,5.213,5.124,5.152,459226.95
2025-03-14 04:00:00,5.153,5.171,5.116,5.141,256060.44
2025-03-14 08:00:00,5.141,5.25,5.132,5.219,464280.08
2025-03-14 12:00:00,5.219,5.328,5.139,5.256,1361092.82
2025-03-14 16:00:00,5.255,5.358,5.207,5.229,601899.92
2025-03-14 20:00:00,5.228,5.253,5.164,5.209,303734.82
2025-03-15 00:00:00,5.209,5.309,5.184,5.293,321828.22
2025-03-15 04:00:00,5.293,5.358,5.27,5.282,457321.06
2025-03-15 08:00:00,5.282,5.384,5.272,5.307,500135.23
2025-03-15 12:00:00,5.306,5.361,5.294,5.319,339095.77
2025-03-15 16:00:00,5.321,5.375,5.311,5.355,392057.66
2025-03-15 20:00:00,5.355,5.441,5.34,5.348,337026.57
2025-03-16 00:00:00,5.349,5.387,5.29,5.349,307170.56
2025-03-16 04:00:00,5.349,5.39,5.314,5.327,215803.04
2025-03-16 08:00:00,5.328,5.335,5.158,5.171,694645.92
2025-03-16 12:00:00,5.172,5.247,5.13,5.174,518550.45
2025-03-16 16:00:00,5.172,5.277,5.099,5.137,579605.43
2025-03-16 20:00:00,5.138,5.192,5.106,5.145,270600.03
2025-03-17 00:00:00,5.145,5.395,5.143,5.355,525641.74
2025-03-17 04:00:00,5.357,5.391,5.254,5.349,634218.04
2025-03-17 08:00:00,5.348,5.42,5.316,5.373,705195.97
2025-03-17 12:00:00,5.373,5.45,5.34,5.386,772837.07
2025-03-17 16:00:00,5.386,5.448,5.345,5.385,449736.04
2025-03-17 20:00:00,5.385,5.433,5.335,5.346,341212.93
2025-03-18 00:00:00,5.347,5.348,5.226,5.239,371561.86
2025-03-18 04:00:00,5.237,5.334,5.22,5.33,440416.47
2025-03-18 08:00:00,5.33,5.474,5.327,5.371,842724.72
2025-03-18 12:00:00,5.371,5.466,5.304,5.386,778643.02
2025-03-18 16:00:00,5.388,5.403,5.211,5.292,564345.32
2025-03-18 20:00:00,5.292,5.459,5.263,5.429,516947.7
2025-03-19 00:00:00,5.43,5.551,5.361,5.543,590675.73
2025-03-19 04:00:00,5.542,5.57,5.436,5.504,507490.32
2025-03-19 08:00:00,5.504,5.66,5.471,5.607,1038319.99
2025-03-19 12:00:00,5.608,5.634,5.506,5.6,971774.09
2025-03-19 16:00:00,5.6,5.615,5.427,5.57,1034817.55
2025-03-19 20:00:00,5.57,5.619,5.526,5.603,260651.05
2025-03-20 00:00:00,5.603,5.627,5.48,5.503,406256.49
2025-03-20 04:00:00,5.503,5.527,5.475,5.482,242177.2
2025-03-20 08:00:00,5.483,5.527,5.404,5.423,364713.58
2025-03-20 12:00:00,5.424,5.538,5.41,5.464,412512.98
2025-03-20 16:00:00,5.462,5.549,5.455,5.547,464208.22
2025-03-20 20:00:00,5.547,5.64,5.544,5.628,395403.87
2025-03-21 00:00:00,5.628,5.688,5.548,5.561,387823.58
2025-03-21 04:00:00,5.56,5.629,5.468,5.488,362844.03
2025-03-21 08:00:00,5.488,5.517,5.404,5.492,392634.6
2025-03-21 12:00:00,5.493,5.558,5.45,5.493,523636.76
2025-03-21 16:00:00,5.494,5.638,5.467,5.635,378965.9
2025-03-21 20:00:00,5.635,5.744,5.609,5.618,481426.51
2025-03-22 00:00:00,5.617,5.675,5.589,5.661,203725.47
2025-03-22 04:00:00,5.662,5.726,5.654,5.685,235182.97
2025-03-22 08:00:00,5.685,5.805,5.683,5.768,461326.78
2025-03-22 12:00:00,5.767,5.819,5.71,5.771,504675.28
2025-03-22 16:00:00,5.772,5.819,5.742,5.752,293663.6
2025-03-22 20:00:00,5.751,5.757,5.662,5.677,229476.42
2025-03-23 00:00:00,5.677,5.677,5.613,5.646,319397.18
2025-03-23 04:00:00,5.645,5.661,5.586,5.644,279246.7
2025-03-23 08:00:00,5.644,5.664,5.606,5.62,202265.08
2025-03-23 12:00:00,5.622,5.669,5.608,5.654,196797.61
2025-03-23 16:00:00,5.654,5.699,5.615,5.68,127173.15
2025-03-23 20:00:00,5.68,5.719,5.631,5.714,125056.89
2025-03-24 00:00:00,5.714,5.796,5.614,5.718,500347.32
2025-03-24 04:00:00,5.718,5.932,5.717,5.787,816187.77
2025-03-24 08:00:00,5.786,5.87,5.782,5.836,365207.19
2025-03-24 12:00:00,5.837,5.922,5.794,5.856,494512.03
2025-03-24 16:00:00,5.857,5.93,5.801,5.918,272644.11
2025-03-24 20:00:00,5.918,6.053,5.909,6.031,507070.05
2025-03-25 00:00:00,6.032,6.103,5.903,5.929,441517.55
2025-03-25 04:00:00,5.928,5.997,5.919,5.968,174224.36
2025-03-25 08:00:00,5.968,5.99,5.921,5.964,390048.38
2025-03-25 12:00:00,5.964,5.997,5.824,5.85,734322.23
2025-03-25 16:00:00,5.85,5.911,5.834,5.882,492962.16
2025-03-25 20:00:00,5.882,5.951,5.865,5.916,193224.49
2025-03-26 00:00:00,5.916,5.951,5.854,5.866,181633.84
2025-03-26 04:00:00,5.867,5.987,5.86,5.984,197112.55
2025-03-26 08:00:00,5.984,6.057,5.954,6.034,367407.31
2025-03-26 12:00:00,6.036,6.039,5.825,5.897,467336.38
2025-03-26 16:00:00,5.896,5.918,5.789,5.874,385474.53
2025-03-26 20:00:00,5.874,5.949,5.831,5.946,209974.89
2025-03-27 00:00:00,5.947,6.043,5.914,6.031,282322.35
2025-03-27 04:00:00,6.032,6.083,5.982,5.997,358631.25
2025-03-27 08:00:00,5.996,6.041,5.862,5.875,329516.46
2025-03-27 12:00:00,5.874,5.984,5.826,5.947,563349.0
2025-03-27 16:00:00,5.947,5.972,5.905,5.911,126361.21
2025-03-27 20:00:00,5.912,6.028,5.903,5.963,280967.86
2025-03-28 00:00:00,5.962,5.964,5.847,5.872,278193.77
2025-03-28 04:00:00,5.872,5.881,5.55,5.585,936404.2
2025-03-28 08:00:00,5.585,5.649,5.462,5.508,1201377.03
2025-03-28 12:00:00,5.508,5.565,5.43,5.537,1117447.52
2025-03-28 16:00:00,5.538,5.577,5.505,5.51,283605.3
2025-03-28 20:00:00,5.508,5.583,5.483,5.548,207990.25
2025-03-29 00:00:00,5.548,5.594,5.455,5.549,257926.17
2025-03-29 04:00:00,5.549,5.551,5.427,5.458,219413.57
2025-03-29 08:00:00,5.459,5.507,5.311,5.341,521367.33
2025-03-29 12:00:00,5.341,5.393,5.295,5.305,237826.07
2025-03-29 16:00:00,5.305,5.315,5.159,5.219,674305.28
2025-03-29 20:00:00,5.22,5.236,5.152,5.229,248213.11
2025-03-30 00:00:00,5.229,5.318,5.164,5.277,288339.47
2025-03-30 04:00:00,5.276,5.32,5.26,5.295,159958.61
2025-03-30 08:00:00,5.296,5.355,5.285,5.316,259132.18
2025-03-30 12:00:00,5.314,5.327,5.228,5.295,353759.65
2025-03-30 16:00:00,5.295,5.408,5.257,5.355,350718.44
2025-03-30 20:00:00,5.356,5.369,5.222,5.298,252486.88
2025-03-31 00:00:00,5.3,5.353,5.207,5.231,505353.02
2025-03-31 04:00:00,5.232,5.285,5.096,5.135,496230.67
2025-03-31 08:00:00,5.135,5.212,5.072,5.197,682164.2
2025-03-31 12:00:00,5.198,5.429,5.166,5.343,1490779.83
2025-03-31 16:00:00,5.344,5.371,5.258,5.263,497707.23
2025-03-31 20:00:00,5.262,5.295,5.227,5.266,184426.49
2025-04-01 00:00:00,5.265,5.343,5.249,5.298,341733.01
2025-04-01 04:00:00,5.298,5.333,5.273,5.295,240807.77
2025-04-01 08:00:00,5.295,5.415,5.287,5.347,585723.91
2025-04-01 12:00:00,5.347,5.458,5.27,5.425,895130.0
2025-04-01 16:00:00,5.426,5.447,5.342,5.378,607844.93
2025-04-01 20:00:00,5.38,5.446,5.336,5.402,219288.41
2025-04-02 00:00:00,5.401,5.401,5.206,5.283,463392.71
2025-04-02 04:00:00,5.283,5.307,5.19,5.268,933238.86
2025-04-02 08:00:00,5.268,5.343,5.252,5.304,325276.35
2025-04-02 12:00:00,5.305,5.45,5.231,5.416,789931.13
2025-04-02 16:00:00,5.417,5.454,5.338,5.415,629643.53
2025-04-02 20:00:00,5.415,5.512,5.021,5.099,1349055.88
2025-04-03 00:00:00,5.1,5.28,5.082,5.262,551560.65
2025-04-03 04:00:00,5.262,5.33,5.176,5.221,404618.28
2025-04-03 08:00:00,5.221,5.284,5.122,5.141,780164.4
2025-04-03 12:00:00,5.141,5.169,4.959,5.003,1352140.59
2025-04-03 16:00:00,5.003,5.06,4.944,5.007,705072.92
2025-04-03 20:00:00,5.008,5.095,4.983,5.059,395142.82
2025-04-04 00:00:00,5.06,5.074,4.957,4.986,575429.72
2025-04-04 04:00:00,4.987,5.082,4.926,5.077,558757.06
2025-04-04 08:00:00,5.078,5.1,4.738,4.783,1515268.81
2025-04-04 12:00:00,4.783,4.949,4.738,4.828,2319502.09
2025-04-04 16:00:00,4.828,4.901,4.76,4.891,1440796.93
2025-04-04 20:00:00,4.89,4.949,4.874,4.907,396989.04
2025-04-05 00:00:00,4.906,4.944,4.831,4.835,291304.86
2025-04-05 04:00:00,4.836,4.905,4.828,4.893,208581.23
2025-04-05 08:00:00,4.893,4.936,4.882,4.895,203522.18
2025-04-05 12:00:00,4.895,4.9,4.783,4.803,351862.37
2025-04-05 16:00:00,4.803,4.844,4.791,4.816,282786.51
2025-04-05 20:00:00,4.816,4.894,4.779,4.887,376967.16
2025-04-06 00:00:00,4.888,4.917,4.835,4.861,244677.17
2025-04-06 04:00:00,4.862,4.864,4.718,4.751,701476.63
2025-04-06 08:00:00,4.752,4.809,4.73,4.766,347147.23
2025-04-06 12:00:00,4.765,4.778,4.621,4.644,810350.85
2025-04-06 16:00:00,4.644,4.652,4.354,4.405,1647055.15
2025-04-06 20:00:00,4.404,4.434,4.241,4.348,1275862.36
2025-04-07 00:00:00,4.349,4.436,4.131,4.227,1234834.96
2025-04-07 04:00:00,4.228,4.282,3.893,4.016,2471456.92
2025-04-07 08:00:00,4.017,4.287,3.991,4.194,1699886.89
2025-04-07 12:00:00,4.195,4.559,4.149,4.337,3244571.58
2025-04-07 16:00:00,4.336,4.484,4.317,4.4,1357831.04
2025-04-07 20:00:00,4.4,4.501,4.4,4.412,324568.07
2025-04-08 00:00:00,4.413,4.57,4.367,4.485,612106.24
2025-04-08 04:00:00,4.486,4.52,4.375,4.405,466307.95
2025-04-08 08:00:00,4.405,4.688,4.389,4.679,1172959.67
2025-04-08 12:00:00,4.68,4.717,4.558,4.561,1367174.92
2025-04-08 16:00:00,4.561,4.566,4.317,4.346,1569549.94
2025-04-08 20:00:00,4.345,4.41,4.31,4.356,737088.39
2025-04-09 00:00:00,4.356,4.411,4.178,4.311,1241717.94
2025-04-09 04:00:00,4.31,4.426,4.253,4.389,1421128.84
2025-04-09 08:00:00,4.389,4.417,4.235,4.25,929757.38
2025-04-09 12:00:00,4.249,4.402,4.224,4.361,1107776.13
2025-04-09 16:00:00,4.361,4.798,4.352,4.782,2584386.4
2025-04-09 20:00:00,4.783,4.83,4.718,4.732,456004.21
2025-04-10 00:00:00,4.732,4.736,4.588,4.629,469778.66
2025-04-10 04:00:00,4.629,4.663,4.571,4.591,373325.15
2025-04-10 08:00:00,4.591,4.622,4.526,4.561,818269.24
2025-04-10 12:00:00,4.561,4.638,4.439,4.467,1252906.77
2025-04-10 16:00:00,4.467,4.596,4.448,4.571,841303.02
2025-04-10 20:00:00,4.57,4.634,4.569,4.614,321137.0
2025-04-11 00:00:00,4.613,4.767,4.613,4.734,508850.04
2025-04-11 04:00:00,4.733,4.754,4.707,4.724,265137.32
2025-04-11 08:00:00,4.725,4.791,4.699,4.747,465693.94
2025-04-11 12:00:00,4.748,4.834,4.719,4.808,806277.49
2025-04-11 16:00:00,4.809,4.869,4.769,4.818,473684.43
2025-04-11 20:00:00,4.817,4.839,4.784,4.788,247471.16
2025-04-12 00:00:00,4.788,4.796,4.748,4.792,272144.3
2025-04-12 04:00:00,4.792,4.856,4.764,4.844,548288.66
2025-04-12 08:00:00,4.843,4.908,4.84,4.858,364716.86
2025-04-12 12:00:00,4.857,4.992,4.83,4.959,566875.44
2025-04-12 16:00:00,4.958,4.984,4.913,4.922,424041.8
2025-04-12 20:00:00,4.922,4.992,4.912,4.964,340286.2
2025-04-13 00:00:00,4.965,5.013,4.918,4.961,390260.09
2025-04-13 04:00:00,4.961,4.968,4.902,4.912,196694.53
2025-04-13 08:00:00,4.912,5.206,4.889,5.007,1776704.22
2025-04-13 12:00:00,5.007,5.042,4.906,4.938,689656.61
2025-04-13 16:00:00,4.938,5.056,4.819,4.884,790126.92
2025-04-13 20:00:00,4.885,4.917,4.748,4.825,724149.24
2025-04-14 00:00:00,4.826,4.992,4.808,4.909,712588.31
2025-04-14 04:00:00,4.91,4.982,4.81,4.855,691019.49
2025-04-14 08:00:00,4.854,5.0,4.83,4.962,483040.61
2025-04-14 12:00:00,4.963,4.999,4.808,4.823,737879.03
2025-04-14 16:00:00,4.821,4.895,4.773,4.874,584089.43
2025-04-14 20:00:00,4.875,4.901,4.783,4.811,284609.1
2025-04-15 00:00:00,4.812,4.829,4.733,4.805,352087.57
2025-04-15 04:00:00,4.804,4.812,4.641,4.738,622999.6
2025-04-15 08:00:00,4.737,4.774,4.687,4.705,442818.5
2025-04-15 12:00:00,4.704,4.779,4.627,4.688,855996.23
2025-04-15 16:00:00,4.689,4.71,4.613,4.667,381266.84
2025-04-15 20:00:00,4.665,4.696,4.612,4.623,243851.28
2025-04-16 00:00:00,4.622,4.704,4.586,4.686,326301.62
2025-04-16 04:00:00,4.687,4.733,4.644,4.705,573813.87
2025-04-16 08:00:00,4.705,4.708,4.562,4.627,556779.57
2025-04-16 12:00:00,4.626,4.722,4.543,4.646,675896.96
2025-04-16 16:00:00,4.647,4.703,4.494,4.665,1071980.32
2025-04-16 20:00:00,4.664,4.702,4.6,4.621,294833.98
2025-04-17 00:00:00,4.622,4.672,4.609,4.634,311911.16
2025-04-17 04:00:00,4.633,4.73,4.621,4.699,207389.3
2025-04-17 08:00:00,4.699,4.699,4.605,4.605,221302.74
2025-04-17 12:00:00,4.607,4.634,4.516,4.583,899602.53
2025-04-17 16:00:00,4.584,4.689,4.563,4.614,656941.49
2025-04-17 20:00:00,4.615,4.659,4.578,4.59,254266.22
2025-04-18 00:00:00,4.591,4.619,4.549,4.579,278180.41
2025-04-18 04:00:00,4.579,4.631,4.564,4.626,302741.57
2025-04-18 08:00:00,4.627,4.711,4.615,4.709,525259.76
2025-04-18 12:00:00,4.708,4.802,4.668,4.719,862331.96
2025-04-18 16:00:00,4.718,4.767,4.713,4.745,283636.75
2025-04-18 20:00:00,4.744,4.751,4.675,4.697,267872.64
2025-04-19 00:00:00,4.697,4.761,4.684,4.736,259620.26
2025-04-19 04:00:00,4.736,4.764,4.64,4.759,903359.81
2025-04-19 08:00:00,4.759,4.833,4.759,4.815,715442.27
2025-04-19 12:00:00,4.816,4.86,4.797,4.85,484221.7
2025-04-19 16:00:00,4.85,4.94,4.83,4.9,385667.73
2025-04-19 20:00:00,4.9,4.96,4.898,4.917,234890.92
2025-04-20 00:00:00,4.917,4.94,4.896,4.916,244692.68
2025-04-20 04:00:00,4.916,4.949,4.857,4.897,369461.33
2025-04-20 08:00:00,4.896,4.946,4.874,4.931,381490.31
2025-04-20 12:00:00,4.93,5.026,4.908,4.969,833721.69
2025-04-20 16:00:00,4.969,5.081,4.961,5.046,552254.72
2025-04-20 20:00:00,5.048,5.08,5.022,5.07,303731.29
2025-04-21 00:00:00,5.071,5.182,5.064,5.128,609782.88
2025-04-21 04:00:00,5.127,5.195,5.096,5.191,498555.94
2025-04-21 08:00:00,5.19,5.244,5.13,5.16,428440.53
2025-04-21 12:00:00,5.159,5.204,4.992,5.065,1003083.18
2025-04-21 16:00:00,5.064,5.084,4.961,5.014,639284.18
2025-04-21 20:00:00,5.013,5.02,4.907,4.92,291610.56
2025-04-22 00:00:00,4.92,4.966,4.847,4.871,489778.66
2025-04-22 04:00:00,4.87,4.889,4.766,4.872,647047.16
2025-04-22 08:00:00,4.871,4.964,4.831,4.943,904475.63
2025-04-22 12:00:00,4.943,5.203,4.936,5.115,2920213.83
2025-04-22 16:00:00,5.116,5.139,5.065,5.127,682440.44
2025-04-22 20:00:00,5.128,5.302,5.098,5.266,846583.07
2025-04-23 00:00:00,5.268,5.343,5.224,5.287,751715.21
2025-04-23 04:00:00,5.287,5.359,5.247,5.325,750210.81
2025-04-23 08:00:00,5.324,5.393,5.305,5.358,622328.0
2025-04-23 12:00:00,5.359,5.403,5.211,5.329,1511904.62
2025-04-23 16:00:00,5.331,5.39,5.282,5.334,706380.94
2025-04-23 20:00:00,5.333,5.404,5.321,5.354,381970.37
2025-04-24 00:00:00,5.354,5.494,5.265,5.276,946679.82
2025-04-24 04:00:00,5.276,5.337,5.23,5.255,590693.97
2025-04-24 08:00:00,5.256,5.297,5.181,5.289,935831.23
2025-04-24 12:00:00,5.289,5.61,5.264,5.5,1138845.98
2025-04-24 16:00:00,5.501,5.549,5.386,5.461,810684.11
2025-04-24 20:00:00,5.462,5.516,5.42,5.498,308138.03
2025-04-25 00:00:00,5.499,5.56,5.34,5.46,807738.12
2025-04-25 04:00:00,5.46,5.641,5.421,5.574,751167.33
2025-04-25 08:00:00,5.573,5.617,5.524,5.583,939664.28
2025-04-25 12:00:00,5.584,5.612,5.48,5.513,1003575.73
2025-04-25 16:00:00,5.512,5.58,5.468,5.526,587870.42
2025-04-25 20:00:00,5.526,5.585,5.506,5.544,283813.73
2025-04-26 00:00:00,5.545,5.646,5.54,5.566,430905.73
2025-04-26 04:00:00,5.566,5.655,5.512,5.578,382485.05
2025-04-26 08:00:00,5.578,5.687,5.493,5.569,735810.47
2025-04-26 12:00:00,5.57,5.616,5.498,5.597,488520.54
2025-04-26 16:00:00,5.596,5.643,5.541,5.619,252736.68
2025-04-26 20:00:00,5.619,5.65,5.588,5.622,193470.21
2025-04-27 00:00:00,5.623,5.663,5.478,5.54,495517.74
2025-04-27 04:00:00,5.54,5.555,5.433,5.513,488096.71
2025-04-27 08:00:00,5.513,5.57,5.496,5.558,350661.1
2025-04-27 12:00:00,5.559,5.564,5.37,5.397,1326440.92
2025-04-27 16:00:00,5.398,5.453,5.314,5.452,461512.7
2025-04-27 20:00:00,5.452,5.467,5.36,5.37,300351.39
2025-04-28 00:00:00,5.371,5.466,5.242,5.445,798124.92
2025-04-28 04:00:00,5.445,5.63,5.44,5.582,769822.59
2025-04-28 08:00:00,5.583,5.663,5.523,5.613,761463.21
2025-04-28 12:00:00,5.613,5.647,5.441,5.493,659655.12
2025-04-28 16:00:00,5.492,5.605,5.401,5.592,479434.72
2025-04-28 20:00:00,5.591,5.593,5.517,5.527,240581.56
2025-04-29 00:00:00,5.527,5.677,5.518,5.577,592933.02
2025-04-29 04:00:00,5.575,5.622,5.473,5.596,318858.34
2025-04-29 08:00:00,5.597,5.686,5.532,5.571,409784.69
2025-04-29 12:00:00,5.571,5.615,5.51,5.547,430535.88
2025-04-29 16:00:00,5.548,5.629,5.523,5.544,322860.47
2025-04-29 20:00:00,5.545,5.554,5.382,5.43,423386.94
2025-04-30 00:00:00,5.43,5.46,5.345,5.417,540606.64
2025-04-30 04:00:00,5.417,5.436,5.355,5.379,303999.34
2025-04-30 08:00:00,5.378,5.446,5.355,5.431,325933.47
2025-04-30 12:00:00,5.432,5.437,5.162,5.274,1381789.71
2025-04-30 16:00:00,5.273,5.394,5.237,5.364,542688.72
2025-04-30 20:00:00,5.363,5.412,5.327,5.346,272475.15
2025-05-01 00:00:00,5.348,5.449,5.345,5.384,385394.71
2025-05-01 04:00:00,5.386,5.43,5.349,5.382,289542.64
2025-05-01 08:00:00,5.382,5.557,5.38,5.556,506671.6
2025-05-01 12:00:00,5.556,5.573,5.473,5.498,548553.98
2025-05-01 16:00:00,5.499,5.59,5.495,5.544,484092.38
2025-05-01 20:00:00,5.545,5.555,5.487,5.506,264041.13
2025-05-02 00:00:00,5.505,5.582,5.493,5.523,395377.23
2025-05-02 04:00:00,5.523,5.536,5.444,5.447,508954.7
2025-05-02 08:00:00,5.447,5.549,5.423,5.423,347174.53
2025-05-02 12:00:00,5.422,5.501,5.399,5.456,589616.34
2025-05-02 16:00:00,5.456,5.525,5.381,5.405,349594.03
2025-05-02 20:00:00,5.405,5.448,5.383,5.445,266034.39
2025-05-03 00:00:00,5.446,5.458,5.384,5.414,300375.5
2025-05-03 04:00:00,5.413,5.417,5.342,5.366,207186.82
2025-05-03 08:00:00,5.366,5.376,5.217,5.222,371109.13
2025-05-03 12:00:00,5.223,5.262,5.209,5.223,345450.01
2025-05-03 16:00:00,5.222,5.259,5.14,5.245,736633.01
2025-05-03 20:00:00,5.246,5.252,5.182,5.183,211225.96
2025-05-04 00:00:00,5.183,5.215,5.12,5.155,418035.17
2025-05-04 04:00:00,5.155,5.199,5.135,5.152,284263.44
2025-05-04 08:00:00,5.153,5.187,5.103,5.161,316273.11
2025-05-04 12:00:00,5.16,5.177,5.089,5.114,276055.94
2025-05-04 16:00:00,5.113,5.133,5.073,5.126,307557.0
2025-05-04 20:00:00,5.127,5.165,5.07,5.098,379222.39
2025-05-05 00:00:00,5.101,5.18,5.05,5.159,499755.94
2025-05-05 04:00:00,5.158,5.209,5.134,5.157,307700.44
2025-05-05 08:00:00,5.157,5.176,5.06,5.081,375096.55
2025-05-05 12:00:00,5.08,5.107,5.014,5.046,501927.11
2025-05-05 16:00:00,5.045,5.11,5.037,5.042,348922.72
2025-05-05 20:00:00,5.042,5.059,4.969,4.971,481168.53
2025-05-06 00:00:00,4.972,4.974,4.841,4.935,615370.16
2025-05-06 04:00:00,4.935,4.935,4.872,4.885,322716.57
2025-05-06 08:00:00,4.885,4.889,4.707,4.741,909748.53
2025-05-06 12:00:00,4.741,4.799,4.674,4.691,973395.21
2025-05-06 16:00:00,4.691,4.774,4.66,4.7,723196.19
2025-05-06 20:00:00,4.701,4.781,4.588,4.762,811071.15
2025-05-07 00:00:00,4.763,4.817,4.714,4.764,690948.17
2025-05-07 04:00:00,4.765,4.803,4.707,4.768,556845.43
2025-05-07 08:00:00,4.768,4.827,4.743,4.769,595046.61
2025-05-07 12:00:00,4.77,4.791,4.697,4.715,562021.49
2025-05-07 16:00:00,4.715,4.783,4.647,4.731,847249.04
2025-05-07 20:00:00,4.732,4.815,4.707,4.793,356072.66
2025-05-08 00:00:00,4.793,4.982,4.787,4.978,633646.17
2025-05-08 04:00:00,4.979,5.07,4.979,5.037,877606.92
2025-05-08 08:00:00,5.037,5.131,5.037,5.082,574115.33
2025-05-08 12:00:00,5.082,5.25,5.06,5.181,1051624.09
2025-05-08 16:00:00,5.181,5.323,5.166,5.314,1010027.16
2025-05-08 20:00:00,5.315,5.498,5.279,5.488,1140152.65
2025-05-09 00:00:00,5.488,5.634,5.479,5.554,843846.51
2025-05-09 04:00:00,5.553,5.732,5.513,5.687,969432.91
2025-05-09 08:00:00,5.686,5.857,5.6,5.693,2405810.59
2025-05-09 12:00:00,5.692,5.719,5.506,5.544,1363480.07
2025-05-09 16:00:00,5.546,5.581,5.454,5.502,1242236.98
2025-05-09 20:00:00,5.502,5.587,5.471,5.583,821636.51
2025-05-10 00:00:00,5.584,5.696,5.503,5.653,994828.56
2025-05-10 04:00:00,5.652,5.799,5.583,5.782,999863.92
2025-05-10 08:00:00,5.782,5.855,5.641,5.672,1239893.82
2025-05-10 12:00:00,5.672,5.811,5.671,5.716,1018504.17
2025-05-10 16:00:00,5.716,5.88,5.708,5.779,1273829.72
2025-05-10 20:00:00,5.779,6.083,5.738,6.076,1225838.44
2025-05-11 00:00:00,6.075,6.282,5.908,6.175,2228696.65
2025-05-11 04:00:00,6.174,6.225,5.807,5.85,1796545.7
2025-05-11 08:00:00,5.85,6.033,5.838,6.015,800834.66
2025-05-11 12:00:00,6.014,6.023,5.795,5.846,927847.12
2025-05-11 16:00:00,5.847,5.931,5.778,5.872,613405.34
2025-05-11 20:00:00,5.872,5.963,5.842,5.889,369179.48
2025-05-12 00:00:00,5.89,5.992,5.809,5.969,748174.91
2025-05-12 04:00:00,5.968,6.16,5.906,6.036,1786121.89
2025-05-12 08:00:00,6.038,6.087,5.944,5.984,1109876.48
2025-05-12 12:00:00,5.982,6.118,5.81,5.859,1755673.43
2025-05-12 16:00:00,5.859,5.989,5.608,5.821,1424851.45
2025-05-12 20:00:00,5.82,5.9,5.77,5.848,413163.96
2025-05-13 00:00:00,5.848,5.854,5.512,5.526,1084482.23
2025-05-13 04:00:00,5.526,5.694,5.507,5.672,506088.63
2025-05-13 08:00:00,5.673,5.801,5.643,5.756,573954.02
2025-05-13 12:00:00,5.757,5.841,5.701,5.84,1193967.54
2025-05-13 16:00:00,5.84,6.254,5.832,6.182,2254055.73
2025-05-13 20:00:00,6.182,6.235,6.112,6.138,837201.0
2025-05-14 00:00:00,6.139,6.188,5.993,6.024,720023.1
2025-05-14 04:00:00,6.024,6.13,5.985,6.016,674012.14
2025-05-14 08:00:00,6.015,6.035,5.892,5.96,958493.35
2025-05-14 12:00:00,5.96,5.972,5.774,5.809,996401.19
2025-05-14 16:00:00,5.809,5.841,5.732,5.793,453863.04
2025-05-14 20:00:00,5.794,5.807,5.688,5.739,320588.37
2025-05-15 00:00:00,5.739,5.827,5.694,5.737,523595.83
2025-05-15 04:00:00,5.737,5.797,5.481,5.486,934101.26
2025-05-15 08:00:00,5.486,5.609,5.437,5.512,706525.4
2025-05-15 12:00:00,5.513,5.565,5.356,5.556,1782246.0
2025-05-15 16:00:00,5.556,5.649,5.323,5.371,1306081.38
2025-05-15 20:00:00,5.372,5.402,5.194,5.313,1065734.97
2025-05-16 00:00:00,5.314,5.426,5.276,5.411,1128210.35
2025-05-16 04:00:00,5.412,5.43,5.339,5.391,538714.0
2025-05-16 08:00:00,5.392,5.449,5.282,5.404,797671.65
2025-05-16 12:00:00,5.405,5.426,5.328,5.379,960410.93
2025-05-16 16:00:00,5.379,5.406,5.296,5.355,487677.34
2025-05-16 20:00:00,5.354,5.359,5.215,5.256,612349.49
2025-05-17 00:00:00,5.255,5.279,5.046,5.175,1492601.29
2025-05-17 04:00:00,5.175,5.212,5.09,5.123,568385.32
2025-05-17 08:00:00,5.122,5.162,5.051,5.117,716772.05
2025-05-17 12:00:00,5.117,5.164,5.041,5.122,502437.96
2025-05-17 16:00:00,5.123,5.136,5.033,5.064,520471.71
2025-05-17 20:00:00,5.063,5.148,5.019,5.078,525136.22
2025-05-18 00:00:00,5.079,5.096,5.032,5.062,502899.09
2025-05-18 04:00:00,5.062,5.209,5.061,5.203,527447.9
2025-05-18 08:00:00,5.204,5.262,5.171,5.173,388622.39
2025-05-18 12:00:00,5.173,5.324,5.139,5.306,817974.23
2025-05-18 16:00:00,5.305,5.315,5.007,5.017,1151941.96
2025-05-18 20:00:00,5.016,5.21,4.891,5.188,1131829.15
2025-05-19 00:00:00,5.189,5.227,4.938,4.943,1055426.13
2025-05-19 04:00:00,4.944,4.975,4.83,4.95,948376.15
2025-05-19 08:00:00,4.95,5.019,4.922,4.979,571773.52
2025-05-19 12:00:00,4.979,5.123,4.945,5.102,736810.32
2025-05-19 16:00:00,5.102,5.197,5.078,5.17,697535.99
2025-05-19 20:00:00,5.169,5.217,5.115,5.217,463129.29
2025-05-20 00:00:00,5.216,5.3,5.185,5.256,682651.94
2025-05-20 04:00:00,5.256,5.257,5.147,5.15,550876.5
2025-05-20 08:00:00,5.15,5.163,5.063,5.093,551839.64
2025-05-20 12:00:00,5.093,5.099,5.039,5.091,518156.55
2025-05-20 16:00:00,5.09,5.128,4.991,5.111,596787.36
2025-05-20 20:00:00,5.111,5.179,5.094,5.15,691136.93
2025-05-21 00:00:00,5.151,5.192,5.076,5.175,458617.32
2025-05-21 04:00:00,5.175,5.253,5.134,5.137,1041365.38
2025-05-21 08:00:00,5.137,5.205,5.106,5.192,474722.85
2025-05-21 12:00:00,5.192,5.272,5.144,5.262,909049.09
2025-05-21 16:00:00,5.263,5.394,5.112,5.21,2111886.99
2025-05-21 20:00:00,5.21,5.337,5.168,5.272,694904.6
2025-05-22 00:00:00,5.274,5.38,5.265,5.367,1407988.3
2025-05-22 04:00:00,5.367,5.41,5.33,5.393,966788.63
2025-05-22 08:00:00,5.393,5.497,5.387,5.448,1182798.04
2025-05-22 12:00:00,5.449,5.73,5.366,5.663,3014795.93
2025-05-22 16:00:00,5.664,5.737,5.645,5.711,731492.2
2025-05-22 20:00:00,5.711,5.779,5.654,5.715,596531.03
2025-05-23 00:00:00,5.715,5.992,5.715,5.988,1296288.53
2025-05-23 04:00:00,5.989,5.993,5.755,5.769,963429.75
2025-05-23 08:00:00,5.77,5.91,5.591,5.627,1373754.34
2025-05-23 12:00:00,5.627,5.745,5.451,5.577,2182993.76
2025-05-23 16:00:00,5.577,5.635,5.501,5.535,649692.56
2025-05-23 20:00:00,5.534,5.537,5.316,5.34,767262.08
2025-05-24 00:00:00,5.34,5.398,5.31,5.37,487391.07
2025-05-24 04:00:00,5.37,5.447,5.356,5.405,367134.25
2025-05-24 08:00:00,5.406,5.445,5.343,5.414,485949.22
2025-05-24 12:00:00,5.414,5.443,5.35,5.397,445758.08
2025-05-24 16:00:00,5.397,5.415,5.353,5.391,329478.21
2025-05-24 20:00:00,5.391,5.413,5.286,5.314,362791.17
2025-05-25 00:00:00,5.314,5.344,5.18,5.248,803667.47
2025-05-25 04:00:00,5.247,5.257,5.159,5.182,309166.19
2025-05-25 08:00:00,5.181,5.181,5.104,5.131,478915.04
2025-05-25 12:00:00,5.13,5.152,5.006,5.055,1002303.36
2025-05-25 16:00:00,5.054,5.16,5.011,5.141,455498.39
2025-05-25 20:00:00,5.142,5.288,5.106,5.267,546368.16
2025-05-26 00:00:00,5.267,5.379,5.249,5.341,585383.67
2025-05-26 04:00:00,5.342,5.482,5.336,5.437,558575.74
2025-05-26 08:00:00,5.437,5.46,5.334,5.385,685721.63
2025-05-26 12:00:00,5.386,5.438,5.321,5.383,672146.17
2025-05-26 16:00:00,5.384,5.404,5.239,5.29,562931.12
2025-05-26 20:00:00,5.289,5.355,5.255,5.295,329792.84
2025-05-27 00:00:00,5.295,5.333,5.186,5.273,540678.91
2025-05-27 04:00:00,5.274,5.422,5.239,5.4,739140.61
2025-05-27 08:00:00,5.401,5.48,5.401,5.442,594584.62
2025-05-27 12:00:00,5.441,5.521,5.346,5.423,811249.04
2025-05-27 16:00:00,5.424,5.472,5.392,5.421,434321.62
2025-05-27 20:00:00,5.422,5.452,5.357,5.369,353470.98
2025-05-28 00:00:00,5.369,5.433,5.336,5.399,528403.82
2025-05-28 04:00:00,5.398,5.409,5.317,5.35,519156.56
2025-05-28 08:00:00,5.351,5.417,5.264,5.414,778629.81
2025-05-28 12:00:00,5.415,5.48,5.23,5.249,913160.33
2025-05-28 16:00:00,5.249,5.394,5.239,5.244,1108449.52
2025-05-28 20:00:00,5.244,5.418,5.233,5.394,717380.72
2025-05-29 00:00:00,5.394,5.579,5.362,5.495,1019148.53
2025-05-29 04:00:00,5.495,5.51,5.358,5.374,604258.92
2025-05-29 08:00:00,5.375,5.424,5.339,5.421,611141.03
2025-05-29 12:00:00,5.42,5.423,5.25,5.3,877749.31
2025-05-29 16:00:00,5.3,5.33,5.165,5.184,696234.61
2025-05-29 20:00:00,5.186,5.261,5.136,5.16,571372.76
2025-05-30 00:00:00,5.16,5.186,4.845,4.977,2224016.13
2025-05-30 04:00:00,4.977,5.017,4.867,4.953,1269361.18
2025-05-30 08:00:00,4.955,5.111,4.926,5.082,1438192.05
2025-05-30 12:00:00,5.081,5.168,4.979,4.98,1248259.67
2025-05-30 16:00:00,4.98,5.012,4.861,4.972,1261372.86
2025-05-30 20:00:00,4.972,4.992,4.687,4.74,1028410.09
2025-05-31 00:00:00,4.741,4.745,4.524,4.63,1936500.33
2025-05-31 04:00:00,4.631,4.71,4.584,4.646,702655.15
2025-05-31 08:00:00,4.647,4.686,4.588,4.608,667341.17
2025-05-31 12:00:00,4.607,4.758,4.594,4.695,919541.64
2025-05-31 16:00:00,4.695,4.779,4.679,4.772,447852.2
2025-05-31 20:00:00,4.772,4.819,4.724,4.728,460697.39
2025-06-01 00:00:00,4.729,4.77,4.689,4.724,621595.67
2025-06-01 04:00:00,4.723,4.775,4.711,4.742,330406.16
2025-06-01 08:00:00,4.744,4.748,4.627,4.691,538098.19
2025-06-01 12:00:00,4.691,4.774,4.646,4.773,479988.16
2025-06-01 16:00:00,4.772,4.824,4.695,4.769,483144.99
2025-06-01 20:00:00,4.77,4.828,4.747,4.811,302153.9
2025-06-02 00:00:00,4.811,4.826,4.705,4.722,366844.84
2025-06-02 04:00:00,4.722,4.794,4.689,4.763,341939.09
2025-06-02 08:00:00,4.763,4.791,4.66,4.69,688170.48
2025-06-02 12:00:00,4.691,4.767,4.68,4.752,630395.15
2025-06-02 16:00:00,4.753,4.818,4.715,4.736,641031.45
2025-06-02 20:00:00,4.736,4.91,4.735,4.89,676300.83
2025-06-03 00:00:00,4.889,4.974,4.88,4.886,589248.23
2025-06-03 04:00:00,4.886,4.959,4.859,4.91,436133.64
2025-06-03 08:00:00,4.91,4.949,4.878,4.933,346587.88
2025-06-03 12:00:00,4.934,5.029,4.918,4.995,733998.24
2025-06-03 16:00:00,4.995,5.042,4.977,5.022,445153.55
2025-06-03 20:00:00,5.022,5.023,4.912,4.939,484017.96
2025-06-04 00:00:00,4.938,5.014,4.913,4.991,375481.55
2025-06-04 04:00:00,4.992,5.003,4.928,4.947,318052.76
2025-06-04 08:00:00,4.948,4.997,4.912,4.916,416951.02
2025-06-04 12:00:00,4.917,4.937,4.827,4.93,676488.3
2025-06-04 16:00:00,4.931,4.944,4.842,4.842,558634.6
2025-06-04 20:00:00,4.842,4.846,4.757,4.794,617470.93
2025-06-05 00:00:00,4.794,4.84,4.768,4.815,419621.98
2025-06-05 04:00:00,4.816,4.835,4.748,4.78,476479.38
2025-06-05 08:00:00,4.781,4.828,4.746,4.788,440992.63
2025-06-05 12:00:00,4.788,4.867,4.725,4.808,851360.06
2025-06-05 16:00:00,4.807,4.812,4.579,4.622,1162803.06
2025-06-05 20:00:00,4.623,4.636,4.443,4.485,1722538.08
2025-06-06 00:00:00,4.486,4.581,4.459,4.578,564580.15
2025-06-06 04:00:00,4.578,4.623,4.56,4.597,459004.35
2025-06-06 08:00:00,4.598,4.637,4.577,4.6,422920.45
2025-06-06 12:00:00,4.6,4.724,4.6,4.679,760209.8
2025-06-06 16:00:00,4.679,4.688,4.588,4.6,434581.61
2025-06-06 20:00:00,4.601,4.646,4.592,4.613,259466.72
2025-06-07 00:00:00,4.614,4.74,4.605,4.728,350927.81
2025-06-07 04:00:00,4.729,4.772,4.711,4.758,293773.42
2025-06-07 08:00:00,4.759,4.767,4.713,4.718,241129.43
2025-06-07 12:00:00,4.718,4.759,4.715,4.735,399395.38
2025-06-07 16:00:00,4.735,4.757,4.68,4.724,410065.84
2025-06-07 20:00:00,4.725,4.774,4.725,4.752,243434.1
2025-06-08 00:00:00,4.753,4.757,4.714,4.717,196777.29
2025-06-08 04:00:00,4.717,4.727,4.682,4.688,278967.37
2025-06-08 08:00:00,4.688,4.75,4.59,4.712,917177.01
2025-06-08 12:00:00,4.713,4.755,4.68,4.736,420861.86
2025-06-08 16:00:00,4.737,4.785,4.725,4.746,351675.25
2025-06-08 20:00:00,4.747,4.768,4.699,4.711,310409.74
2025-06-09 00:00:00,4.712,4.728,4.668,4.691,323379.37
2025-06-09 04:00:00,4.691,4.707,4.637,4.667,321442.03
2025-06-09 08:00:00,4.667,4.785,4.647,4.767,625669.61
2025-06-09 12:00:00,4.767,4.788,4.719,4.768,545452.58
2025-06-09 16:00:00,4.768,4.853,4.768,4.844,475246.41
2025-06-09 20:00:00,4.844,4.964,4.831,4.954,611093.24
2025-06-10 00:00:00,4.954,4.991,4.936,4.939,473513.27
2025-06-10 04:00:00,4.94,4.947,4.875,4.905,414610.32
2025-06-10 08:00:00,4.906,5.079,4.887,5.071,833265.56
2025-06-10 12:00:00,5.071,5.138,4.966,5.04,1142410.79
2025-06-10 16:00:00,5.041,5.1,5.002,5.061,528688.69
2025-06-10 20:00:00,5.06,5.141,5.028,5.141,561638.58
2025-06-11 00:00:00,5.142,5.156,5.049,5.103,387812.65
2025-06-11 04:00:00,5.103,5.141,5.06,5.118,350944.03
2025-06-11 08:00:00,5.118,5.205,5.009,5.026,1011735.35
2025-06-11 12:00:00,5.026,5.266,5.008,5.226,1983454.86
2025-06-11 16:00:00,5.226,5.233,5.076,5.085,658757.43
2025-06-11 20:00:00,5.084,5.123,4.946,5.021,607824.67
2025-06-12 00:00:00,5.021,5.072,4.969,4.97,454682.97
2025-06-12 04:00:00,4.971,4.984,4.9,4.907,417502.06
2025-06-12 08:00:00,4.906,4.941,4.842,4.86,609675.71
2025-06-12 12:00:00,4.861,4.944,4.831,4.843,565383.9
2025-06-12 16:00:00,4.842,4.925,4.741,4.761,593214.48
2025-06-12 20:00:00,4.761,4.778,4.678,4.696,735216.37
2025-06-13 00:00:00,4.697,4.701,4.345,4.454,2389311.8
2025-06-13 04:00:00,4.453,4.457,4.384,4.449,705373.53
2025-06-13 08:00:00,4.448,4.559,4.391,4.443,1238310.44
2025-06-13 12:00:00,4.443,4.46,4.355,4.434,1129774.65
2025-06-13 16:00:00,4.435,4.484,4.392,4.426,887231.46
2025-06-13 20:00:00,4.426,4.507,4.417,4.497,484677.1
2025-06-14 00:00:00,4.498,4.52,4.469,4.503,270263.81
2025-06-14 04:00:00,4.502,4.544,4.479,4.512,260363.67
2025-06-14 08:00:00,4.512,4.546,4.491,4.536,196503.39
2025-06-14 12:00:00,4.534,4.545,4.459,4.481,321400.41
2025-06-14 16:00:00,4.48,4.495,4.312,4.416,981130.76
2025-06-14 20:00:00,4.418,4.487,4.388,4.459,399025.91
2025-06-15 00:00:00,4.46,4.512,4.455,4.504,182642.58
2025-06-15 04:00:00,4.503,4.543,4.463,4.481,347402.08
2025-06-15 08:00:00,4.481,4.508,4.43,4.495,861614.58
2025-06-15 12:00:00,4.496,4.554,4.479,4.528,352733.87
2025-06-15 16:00:00,4.527,4.535,4.481,4.494,257749.55
2025-06-15 20:00:00,4.494,4.546,4.439,4.538,472741.23
2025-06-16 00:00:00,4.538,4.595,4.497,4.562,383235.24
2025-06-16 04:00:00,4.561,4.667,4.558,4.661,414691.0
2025-06-16 08:00:00,4.662,4.684,4.624,4.673,371369.56
2025-06-16 12:00:00,4.673,4.719,4.649,4.698,457258.44
2025-06-16 16:00:00,4.699,4.834,4.696,4.812,789325.85
2025-06-16 20:00:00,4.812,4.902,4.673,4.685,1056098.4
2025-06-17 00:00:00,4.684,4.76,4.587,4.712,1089067.96
2025-06-17 04:00:00,4.712,4.712,4.622,4.635,424483.29
2025-06-17 08:00:00,4.634,4.641,4.541,4.563,507831.42
2025-06-17 12:00:00,4.562,4.591,4.447,4.473,765283.0
2025-06-17 16:00:00,4.472,4.545,4.385,4.512,929632.64
2025-06-17 20:00:00,4.512,4.531,4.399,4.444,517808.75
2025-06-18 00:00:00,4.445,4.492,4.429,4.487,343501.69
2025-06-18 04:00:00,4.487,4.537,4.453,4.468,355500.23
2025-06-18 08:00:00,4.469,4.485,4.33,4.386,586935.07
2025-06-18 12:00:00,4.385,4.393,4.27,4.362,905689.57
2025-06-18 16:00:00,4.361,4.406,4.32,4.355,596271.09
2025-06-18 20:00:00,4.356,4.484,4.345,4.46,503479.15
2025-06-19 00:00:00,4.459,4.508,4.42,4.459,310137.87
2025-06-19 04:00:00,4.46,4.489,4.426,4.432,223323.2
2025-06-19 08:00:00,4.433,4.465,4.414,4.436,199363.0
2025-06-19 12:00:00,4.437,4.46,4.384,4.388,359061.79
2025-06-19 16:00:00,4.389,4.42,4.308,4.356,521479.8
2025-06-19 20:00:00,4.357,4.417,4.354,4.387,314884.98
2025-06-20 00:00:00,4.388,4.406,4.348,4.367,299592.36
2025-06-20 04:00:00,4.366,4.442,4.317,4.433,345579.14
2025-06-20 08:00:00,4.434,4.466,4.411,4.446,423409.5
2025-06-20 12:00:00,4.445,4.475,4.335,4.36,945578.85
2025-06-20 16:00:00,4.36,4.366,4.173,4.306,1664351.44
2025-06-20 20:00:00,4.305,4.344,4.224,4.272,441819.33
2025-06-21 00:00:00,4.27,4.444,4.269,4.427,618060.54
2025-06-21 04:00:00,4.428,4.588,4.424,4.537,2418037.33
2025-06-21 08:00:00,4.538,4.691,4.529,4.541,2019952.22
2025-06-21 12:00:00,4.542,4.572,4.345,4.387,1335946.89
2025-06-21 16:00:00,4.387,4.401,4.273,4.277,921743.11
2025-06-21 20:00:00,4.276,4.32,4.064,4.163,1382413.4
2025-06-22 00:00:00,4.164,4.221,4.013,4.038,993062.54
2025-06-22 04:00:00,4.038,4.094,4.02,4.028,562851.3
2025-06-22 08:00:00,4.029,4.049,3.954,4.029,922833.19
2025-06-22 12:00:00,4.028,4.047,3.808,3.863,2471700.92
2025-06-22 16:00:00,3.862,3.893,3.816,3.839,631565.74
2025-06-22 20:00:00,3.84,3.946,3.747,3.93,969086.36
2025-06-23 00:00:00,3.93,3.98,3.902,3.924,369329.05
2025-06-23 04:00:00,3.924,4.019,3.92,3.987,408758.1
2025-06-23 08:00:00,3.989,4.029,3.968,4.027,322333.56
2025-06-23 12:00:00,4.027,4.093,3.975,3.984,1011875.92
2025-06-23 16:00:00,3.984,4.127,3.873,4.109,1408208.07
2025-06-23 20:00:00,4.109,4.36,4.109,4.315,1432084.34
2025-06-24 00:00:00,4.315,4.368,4.294,4.315,689400.94
2025-06-24 04:00:00,4.315,4.441,4.276,4.337,1138179.69
2025-06-24 08:00:00,4.336,4.361,4.247,4.273,969829.85
2025-06-24 12:00:00,4.273,4.887,4.258,4.679,7678625.47
2025-06-24 16:00:00,4.68,5.147,4.676,4.889,5395994.97
2025-06-24 20:00:00,4.889,4.967,4.806,4.957,1357661.18
2025-06-25 00:00:00,4.958,4.981,4.841,4.874,3628638.32
2025-06-25 04:00:00,4.874,5.1,4.768,4.806,4259653.44
2025-06-25 08:00:00,4.808,4.811,4.72,4.777,1630678.76
2025-06-25 12:00:00,4.778,4.814,4.638,4.656,1760775.78
2025-06-25 16:00:00,4.656,4.962,4.654,4.896,2202777.84
2025-06-25 20:00:00,4.896,4.939,4.82,4.892,825292.87
2025-06-26 00:00:00,4.893,5.001,4.796,4.83,2523999.63
2025-06-26 04:00:00,4.83,4.897,4.758,4.881,715646.2
2025-06-26 08:00:00,4.881,4.894,4.747,4.771,666800.26
2025-06-26 12:00:00,4.77,4.78,4.644,4.735,1433521.35
2025-06-26 16:00:00,4.734,4.969,4.707,4.948,1727646.11
2025-06-26 20:00:00,4.948,5.032,4.858,4.876,1298571.45
2025-06-27 00:00:00,4.876,5.054,4.806,5.049,1757065.2
2025-06-27 04:00:00,5.049,5.231,5.045,5.137,4238454.79
2025-06-27 08:00:00,5.138,5.298,4.989,5.045,2972404.83
2025-06-27 12:00:00,5.045,5.057,4.815,4.852,1855270.5
2025-06-27 16:00:00,4.853,4.93,4.818,4.842,1057986.39
2025-06-27 20:00:00,4.841,4.904,4.814,4.84,871335.31
2025-06-28 00:00:00,4.84,4.957,4.806,4.827,1363940.1
2025-06-28 04:00:00,4.827,4.83,4.726,4.792,1245305.89
2025-06-28 08:00:00,4.793,4.832,4.738,4.741,794241.36
2025-06-28 12:00:00,4.741,4.796,4.735,4.793,417931.96
2025-06-28 16:00:00,4.793,4.837,4.779,4.815,521369.45
2025-06-28 20:00:00,4.816,4.869,4.8,4.85,324632.9
2025-06-29 00:00:00,4.851,4.855,4.713,4.764,1079904.89
2025-06-29 04:00:00,4.765,4.817,4.748,4.798,509333.28
2025-06-29 08:00:00,4.798,4.887,4.772,4.868,657672.49
2025-06-29 12:00:00,4.868,4.887,4.748,4.755,1007336.2
2025-06-29 16:00:00,4.755,4.849,4.755,4.844,508245.49
2025-06-29 20:00:00,4.844,5.016,4.806,4.953,1307693.48
2025-06-30 00:00:00,4.954,4.959,4.874,4.898,658177.75
2025-06-30 04:00:00,4.898,4.953,4.829,4.934,596396.19
2025-06-30 08:00:00,4.935,4.94,4.803,4.812,638143.93
2025-06-30 12:00:00,4.812,4.847,4.767,4.809,943558.57
2025-06-30 16:00:00,4.81,4.905,4.802,4.902,526792.14
2025-06-30 20:00:00,4.903,4.941,4.868,4.892,579563.63
2025-07-01 00:00:00,4.894,4.958,4.83,4.831,773614.03
2025-07-01 04:00:00,4.831,4.831,4.675,4.721,1463757.75
2025-07-01 08:00:00,4.721,4.721,4.637,4.648,543129.91
2025-07-01 12:00:00,4.649,4.763,4.563,4.638,1307421.19
2025-07-01 16:00:00,4.639,4.65,4.53,4.535,520912.33
2025-07-01 20:00:00,4.535,4.584,4.484,4.49,641545.61
2025-07-02 00:00:00,4.491,4.494,4.421,4.438,793913.88
2025-07-02 04:00:00,4.438,4.554,4.416,4.543,1106322.52
2025-07-02 08:00:00,4.544,4.606,4.528,4.552,573880.03
2025-07-02 12:00:00,4.553,4.682,4.518,4.675,954274.4
2025-07-02 16:00:00,4.676,4.819,4.663,4.807,1218910.06
2025-07-02 20:00:00,4.808,4.854,4.738,4.741,595583.44
2025-07-03 00:00:00,4.741,4.774,4.713,4.714,454381.36
2025-07-03 04:00:00,4.713,4.818,4.707,4.815,491792.18
