timestamp,open,high,low,close,volume
2025-01-17 16:00:00,1.412,1.421,1.396,1.418,234994.04
2025-01-17 20:00:00,1.418,1.43,1.412,1.413,183518.43
2025-01-18 00:00:00,1.414,1.424,1.372,1.373,305918.2
2025-01-18 04:00:00,1.375,1.377,1.315,1.333,421766.86
2025-01-18 08:00:00,1.333,1.355,1.319,1.354,225854.09
2025-01-18 12:00:00,1.355,1.374,1.333,1.367,214698.53
2025-01-18 16:00:00,1.366,1.37,1.338,1.363,205440.4
2025-01-18 20:00:00,1.363,1.363,1.339,1.362,183649.57
2025-01-19 00:00:00,1.363,1.375,1.35,1.364,76923.03
2025-01-19 04:00:00,1.364,1.367,1.342,1.35,210188.8
2025-01-19 08:00:00,1.35,1.355,1.286,1.305,566895.83
2025-01-19 12:00:00,1.305,1.406,1.304,1.403,423010.42
2025-01-19 16:00:00,1.403,1.43,1.387,1.408,330962.99
2025-01-19 20:00:00,1.408,1.414,1.293,1.308,531083.32
2025-01-20 00:00:00,1.308,1.346,1.289,1.33,237587.44
2025-01-20 04:00:00,1.331,1.406,1.32,1.379,293003.92
2025-01-20 08:00:00,1.38,1.406,1.37,1.4,331475.81
2025-01-20 12:00:00,1.4,1.408,1.342,1.362,599033.7
2025-01-20 16:00:00,1.362,1.386,1.319,1.378,430322.73
2025-01-20 20:00:00,1.379,1.382,1.334,1.341,192360.72
2025-01-21 00:00:00,1.342,1.354,1.319,1.345,207654.8
2025-01-21 04:00:00,1.346,1.353,1.33,1.351,93329.1
2025-01-21 08:00:00,1.352,1.362,1.338,1.361,155133.11
2025-01-21 12:00:00,1.36,1.386,1.333,1.365,329041.83
2025-01-21 16:00:00,1.365,1.399,1.363,1.399,243357.88
2025-01-21 20:00:00,1.398,1.415,1.366,1.378,259512.99
2025-01-22 00:00:00,1.378,1.389,1.369,1.373,79965.84
2025-01-22 04:00:00,1.373,1.377,1.357,1.359,53096.57
2025-01-22 08:00:00,1.359,1.382,1.35,1.377,161142.37
2025-01-22 12:00:00,1.377,1.383,1.353,1.364,150266.36
2025-01-22 16:00:00,1.363,1.376,1.355,1.372,165041.93
2025-01-22 20:00:00,1.372,1.393,1.362,1.37,249702.38
2025-01-23 00:00:00,1.369,1.378,1.33,1.34,233708.28
2025-01-23 04:00:00,1.34,1.354,1.328,1.343,108335.17
2025-01-23 08:00:00,1.344,1.355,1.331,1.342,161785.33
2025-01-23 12:00:00,1.343,1.384,1.337,1.379,155507.92
2025-01-23 16:00:00,1.379,1.402,1.372,1.376,267127.73
2025-01-23 20:00:00,1.377,1.432,1.371,1.427,322403.33
2025-01-24 00:00:00,1.425,1.442,1.403,1.44,234824.15
2025-01-24 04:00:00,1.44,1.48,1.43,1.466,332344.76
2025-01-24 08:00:00,1.465,1.478,1.457,1.457,242117.21
2025-01-24 12:00:00,1.458,1.48,1.445,1.451,240124.58
2025-01-24 16:00:00,1.452,1.452,1.417,1.425,265494.94
2025-01-24 20:00:00,1.425,1.432,1.41,1.416,193915.03
2025-01-25 00:00:00,1.416,1.427,1.392,1.418,146303.58
2025-01-25 04:00:00,1.416,1.42,1.405,1.409,59570.92
2025-01-25 08:00:00,1.407,1.425,1.399,1.42,119659.31
2025-01-25 12:00:00,1.421,1.44,1.412,1.44,103773.58
2025-01-25 16:00:00,1.44,1.453,1.425,1.431,226096.49
2025-01-25 20:00:00,1.433,1.45,1.433,1.435,99967.55
2025-01-26 00:00:00,1.437,1.448,1.434,1.442,49045.46
2025-01-26 04:00:00,1.444,1.458,1.435,1.448,117234.16
2025-01-26 08:00:00,1.448,1.456,1.433,1.44,121539.43
2025-01-26 12:00:00,1.44,1.447,1.431,1.437,82824.87
2025-01-26 16:00:00,1.435,1.452,1.43,1.452,65706.72
2025-01-26 20:00:00,1.452,1.462,1.414,1.418,147859.07
2025-01-27 00:00:00,1.419,1.428,1.357,1.374,272482.64
2025-01-27 04:00:00,1.375,1.375,1.324,1.352,301931.65
2025-01-27 08:00:00,1.351,1.376,1.327,1.366,342760.75
2025-01-27 12:00:00,1.364,1.48,1.355,1.44,665650.88
2025-01-27 16:00:00,1.441,1.469,1.417,1.442,550944.62
2025-01-27 20:00:00,1.443,1.481,1.407,1.47,507223.19
2025-01-28 00:00:00,1.47,1.476,1.454,1.466,81232.89
2025-01-28 04:00:00,1.466,1.47,1.43,1.433,115734.5
2025-01-28 08:00:00,1.434,1.452,1.428,1.443,122177.12
2025-01-28 12:00:00,1.444,1.47,1.44,1.46,251950.0
2025-01-28 16:00:00,1.46,1.471,1.426,1.429,142274.43
2025-01-28 20:00:00,1.428,1.429,1.382,1.401,220523.04
2025-01-29 00:00:00,1.401,1.439,1.399,1.434,184480.48
2025-01-29 04:00:00,1.434,1.447,1.43,1.441,94878.56
2025-01-29 08:00:00,1.442,1.456,1.433,1.438,140279.22
2025-01-29 12:00:00,1.439,1.447,1.412,1.427,139396.85
2025-01-29 16:00:00,1.428,1.437,1.393,1.426,215362.66
2025-01-29 20:00:00,1.427,1.451,1.415,1.431,180257.39
2025-01-30 00:00:00,1.431,1.451,1.424,1.45,109624.25
2025-01-30 04:00:00,1.45,1.46,1.436,1.447,83943.62
2025-01-30 08:00:00,1.447,1.47,1.445,1.467,175588.84
2025-01-30 12:00:00,1.467,1.484,1.451,1.482,185404.64
2025-01-30 16:00:00,1.482,1.492,1.471,1.479,169450.72
2025-01-30 20:00:00,1.48,1.483,1.46,1.469,91508.14
2025-01-31 00:00:00,1.471,1.492,1.46,1.465,84995.59
2025-01-31 04:00:00,1.467,1.477,1.459,1.461,66385.9
2025-01-31 08:00:00,1.461,1.475,1.452,1.474,138340.02
2025-01-31 12:00:00,1.474,1.488,1.468,1.486,233221.64
2025-01-31 16:00:00,1.487,1.487,1.432,1.438,193167.64
2025-01-31 20:00:00,1.438,1.446,1.426,1.442,85062.56
2025-02-01 00:00:00,1.443,1.458,1.434,1.436,84270.54
2025-02-01 04:00:00,1.435,1.441,1.418,1.418,76490.99
2025-02-01 08:00:00,1.417,1.427,1.401,1.421,173306.41
2025-02-01 12:00:00,1.421,1.435,1.401,1.405,113876.04
2025-02-01 16:00:00,1.406,1.425,1.384,1.388,130200.41
2025-02-01 20:00:00,1.388,1.415,1.377,1.391,176031.62
2025-02-02 00:00:00,1.39,1.405,1.358,1.364,198145.65
2025-02-02 04:00:00,1.363,1.388,1.361,1.366,86053.16
2025-02-02 08:00:00,1.366,1.378,1.35,1.351,182222.88
2025-02-02 12:00:00,1.351,1.389,1.345,1.371,235234.89
2025-02-02 16:00:00,1.371,1.375,1.303,1.343,504076.77
2025-02-02 20:00:00,1.343,1.362,1.302,1.331,371912.22
2025-02-03 00:00:00,1.331,1.331,1.187,1.238,846068.21
2025-02-03 04:00:00,1.238,1.3,1.204,1.288,451666.13
2025-02-03 08:00:00,1.289,1.349,1.248,1.308,472206.09
2025-02-03 12:00:00,1.308,1.38,1.271,1.363,815346.84
2025-02-03 16:00:00,1.361,1.437,1.356,1.398,767846.5
2025-02-03 20:00:00,1.401,1.428,1.369,1.424,284653.66
2025-02-04 00:00:00,1.423,1.435,1.387,1.392,126745.02
2025-02-04 04:00:00,1.392,1.399,1.324,1.329,307875.93
2025-02-04 08:00:00,1.329,1.437,1.327,1.411,512203.7
2025-02-04 12:00:00,1.412,1.436,1.392,1.409,238301.17
2025-02-04 16:00:00,1.41,1.44,1.402,1.41,202885.09
2025-02-04 20:00:00,1.41,1.411,1.362,1.405,223895.24
2025-02-05 00:00:00,1.405,1.419,1.345,1.356,245326.41
2025-02-05 04:00:00,1.356,1.391,1.328,1.389,234775.59
2025-02-05 08:00:00,1.388,1.394,1.365,1.384,144506.88
2025-02-05 12:00:00,1.383,1.4,1.367,1.377,124299.84
2025-02-05 16:00:00,1.378,1.382,1.341,1.376,214777.9
2025-02-05 20:00:00,1.378,1.392,1.349,1.361,108385.89
2025-02-06 00:00:00,1.362,1.392,1.358,1.38,120703.07
2025-02-06 04:00:00,1.38,1.388,1.365,1.367,104960.48
2025-02-06 08:00:00,1.367,1.385,1.345,1.354,155952.79
2025-02-06 12:00:00,1.353,1.365,1.313,1.328,277311.11
2025-02-06 16:00:00,1.328,1.348,1.312,1.327,276686.34
2025-02-06 20:00:00,1.326,1.349,1.322,1.332,124122.33
2025-02-07 00:00:00,1.331,1.344,1.326,1.344,76690.26
2025-02-07 04:00:00,1.343,1.348,1.317,1.317,72014.37
2025-02-07 08:00:00,1.318,1.324,1.315,1.32,105522.28
2025-02-07 12:00:00,1.32,1.344,1.312,1.324,277554.58
2025-02-07 16:00:00,1.325,1.339,1.316,1.323,183704.77
2025-02-07 20:00:00,1.322,1.334,1.296,1.334,193248.69
2025-02-08 00:00:00,1.334,1.336,1.308,1.331,288894.42
2025-02-08 04:00:00,1.33,1.332,1.311,1.318,45079.2
2025-02-08 08:00:00,1.319,1.32,1.302,1.318,102076.3
2025-02-08 12:00:00,1.318,1.325,1.315,1.324,70450.11
2025-02-08 16:00:00,1.325,1.327,1.306,1.32,98303.79
2025-02-08 20:00:00,1.32,1.325,1.316,1.318,43743.46
2025-02-09 00:00:00,1.318,1.33,1.316,1.329,24710.29
2025-02-09 04:00:00,1.329,1.33,1.298,1.304,118620.01
2025-02-09 08:00:00,1.304,1.33,1.304,1.311,116761.18
2025-02-09 12:00:00,1.313,1.324,1.303,1.321,66439.33
2025-02-09 16:00:00,1.321,1.326,1.313,1.314,62592.89
2025-02-09 20:00:00,1.316,1.324,1.285,1.313,110726.06
2025-02-10 00:00:00,1.314,1.316,1.28,1.294,103706.61
2025-02-10 04:00:00,1.294,1.33,1.292,1.33,104926.44
2025-02-10 08:00:00,1.329,1.336,1.306,1.329,202184.73
2025-02-10 12:00:00,1.329,1.348,1.321,1.331,223694.56
2025-02-10 16:00:00,1.331,1.344,1.328,1.34,86228.18
2025-02-10 20:00:00,1.34,1.342,1.328,1.331,105027.5
2025-02-11 00:00:00,1.333,1.343,1.324,1.326,141003.92
2025-02-11 04:00:00,1.325,1.355,1.323,1.332,116552.8
2025-02-11 08:00:00,1.333,1.347,1.328,1.346,110351.32
2025-02-11 12:00:00,1.346,1.348,1.317,1.324,120699.4
2025-02-11 16:00:00,1.33,1.345,1.296,1.3,124252.48
2025-02-11 20:00:00,1.3,1.328,1.3,1.311,91152.99
2025-02-12 00:00:00,1.309,1.323,1.302,1.306,89108.96
2025-02-12 04:00:00,1.306,1.316,1.299,1.316,51017.22
2025-02-12 08:00:00,1.316,1.325,1.304,1.307,101072.67
2025-02-12 12:00:00,1.309,1.322,1.281,1.321,223165.44
2025-02-12 16:00:00,1.32,1.347,1.312,1.341,127141.99
2025-02-12 20:00:00,1.341,1.373,1.333,1.355,147390.62
2025-02-13 00:00:00,1.355,1.358,1.341,1.349,68619.0
2025-02-13 04:00:00,1.348,1.348,1.313,1.323,99807.45
2025-02-13 08:00:00,1.323,1.328,1.307,1.31,150152.11
2025-02-13 12:00:00,1.311,1.323,1.304,1.315,177516.86
2025-02-13 16:00:00,1.315,1.327,1.31,1.316,80666.19
2025-02-13 20:00:00,1.317,1.334,1.316,1.325,73028.15
2025-02-14 00:00:00,1.327,1.351,1.322,1.351,78781.57
2025-02-14 04:00:00,1.35,1.354,1.334,1.335,61809.82
2025-02-14 08:00:00,1.335,1.368,1.334,1.353,153620.28
2025-02-14 12:00:00,1.351,1.401,1.351,1.386,530184.19
2025-02-14 16:00:00,1.387,1.41,1.376,1.391,179436.83
2025-02-14 20:00:00,1.391,1.396,1.365,1.372,89525.87
2025-02-15 00:00:00,1.372,1.376,1.356,1.362,100972.94
2025-02-15 04:00:00,1.361,1.367,1.349,1.36,94325.56
2025-02-15 08:00:00,1.361,1.38,1.359,1.369,100250.35
2025-02-15 12:00:00,1.368,1.377,1.354,1.368,96093.4
2025-02-15 16:00:00,1.368,1.37,1.356,1.361,37158.88
2025-02-15 20:00:00,1.361,1.373,1.361,1.369,53393.69
2025-02-16 00:00:00,1.369,1.373,1.361,1.366,30440.25
2025-02-16 04:00:00,1.366,1.368,1.35,1.352,50449.61
2025-02-16 08:00:00,1.354,1.365,1.348,1.358,105816.39
2025-02-16 12:00:00,1.358,1.365,1.349,1.361,59197.01
2025-02-16 16:00:00,1.361,1.368,1.345,1.353,177487.18
2025-02-16 20:00:00,1.353,1.354,1.341,1.347,54876.79
2025-02-17 00:00:00,1.347,1.351,1.344,1.351,19650.65
2025-02-17 04:00:00,1.351,1.351,1.327,1.334,179039.01
2025-02-17 08:00:00,1.334,1.356,1.321,1.345,266044.45
2025-02-17 12:00:00,1.346,1.36,1.34,1.342,121184.86
2025-02-17 16:00:00,1.342,1.354,1.336,1.351,292583.87
2025-02-17 20:00:00,1.351,1.356,1.339,1.341,129606.47
2025-02-18 00:00:00,1.343,1.346,1.335,1.342,41178.55
2025-02-18 04:00:00,1.342,1.346,1.324,1.333,112203.04
2025-02-18 08:00:00,1.333,1.337,1.322,1.326,95263.69
2025-02-18 12:00:00,1.326,1.34,1.32,1.328,117790.95
2025-02-18 16:00:00,1.327,1.332,1.309,1.315,188300.09
2025-02-18 20:00:00,1.315,1.343,1.309,1.335,179481.48
2025-02-19 00:00:00,1.335,1.343,1.329,1.337,39757.0
2025-02-19 04:00:00,1.337,1.355,1.33,1.346,99049.66
2025-02-19 08:00:00,1.348,1.353,1.34,1.344,102119.01
2025-02-19 12:00:00,1.345,1.354,1.328,1.341,209372.6
2025-02-19 16:00:00,1.339,1.353,1.328,1.334,108590.33
2025-02-19 20:00:00,1.334,1.338,1.328,1.335,67122.59
2025-02-20 00:00:00,1.334,1.36,1.326,1.35,139046.55
2025-02-20 04:00:00,1.35,1.36,1.328,1.342,211133.81
2025-02-20 08:00:00,1.341,1.345,1.332,1.341,183441.41
2025-02-20 12:00:00,1.342,1.349,1.332,1.339,242624.97
2025-02-20 16:00:00,1.339,1.355,1.337,1.347,164659.84
2025-02-20 20:00:00,1.348,1.352,1.34,1.342,65017.19
2025-02-21 00:00:00,1.342,1.348,1.337,1.342,60688.27
2025-02-21 04:00:00,1.342,1.351,1.336,1.339,87748.66
2025-02-21 08:00:00,1.338,1.357,1.337,1.35,143281.71
2025-02-21 12:00:00,1.35,1.36,1.325,1.333,264478.91
2025-02-21 16:00:00,1.333,1.348,1.323,1.325,252032.66
2025-02-21 20:00:00,1.325,1.34,1.324,1.334,178858.68
2025-02-22 00:00:00,1.335,1.34,1.329,1.334,77500.7
2025-02-22 04:00:00,1.335,1.34,1.331,1.335,110630.86
2025-02-22 08:00:00,1.335,1.348,1.333,1.343,115359.28
2025-02-22 12:00:00,1.343,1.348,1.334,1.343,138628.62
2025-02-22 16:00:00,1.343,1.345,1.335,1.337,104959.01
2025-02-22 20:00:00,1.338,1.345,1.335,1.34,118477.4
2025-02-23 00:00:00,1.339,1.344,1.335,1.342,45751.79
2025-02-23 04:00:00,1.342,1.348,1.337,1.342,71638.47
2025-02-23 08:00:00,1.343,1.347,1.332,1.334,105118.65
2025-02-23 12:00:00,1.334,1.34,1.327,1.329,114428.67
2025-02-23 16:00:00,1.331,1.336,1.329,1.331,175716.87
2025-02-23 20:00:00,1.333,1.337,1.326,1.333,95011.5
2025-02-24 00:00:00,1.333,1.333,1.302,1.307,126755.58
2025-02-24 04:00:00,1.307,1.328,1.296,1.325,179057.96
2025-02-24 08:00:00,1.326,1.329,1.305,1.325,182458.43
2025-02-24 12:00:00,1.326,1.335,1.3,1.308,315897.07
2025-02-24 16:00:00,1.308,1.314,1.291,1.298,199726.62
2025-02-24 20:00:00,1.296,1.305,1.248,1.256,352246.9
2025-02-25 00:00:00,1.255,1.264,1.241,1.249,324316.28
2025-02-25 04:00:00,1.248,1.265,1.202,1.23,605897.83
2025-02-25 08:00:00,1.232,1.252,1.204,1.239,643695.53
2025-02-25 12:00:00,1.238,1.241,1.18,1.205,585398.36
2025-02-25 16:00:00,1.207,1.226,1.185,1.224,401804.4
2025-02-25 20:00:00,1.226,1.26,1.221,1.253,230556.85
2025-02-26 00:00:00,1.253,1.255,1.224,1.237,116662.92
2025-02-26 04:00:00,1.237,1.24,1.221,1.226,112884.23
2025-02-26 08:00:00,1.225,1.251,1.212,1.238,275434.15
2025-02-26 12:00:00,1.238,1.259,1.201,1.239,357413.94
2025-02-26 16:00:00,1.239,1.251,1.193,1.206,461568.45
2025-02-26 20:00:00,1.205,1.22,1.181,1.206,370127.0
2025-02-27 00:00:00,1.206,1.221,1.2,1.202,166406.44
2025-02-27 04:00:00,1.2,1.228,1.194,1.226,154657.68
2025-02-27 08:00:00,1.225,1.258,1.202,1.224,528689.87
2025-02-27 12:00:00,1.224,1.229,1.204,1.224,260849.71
2025-02-27 16:00:00,1.224,1.228,1.189,1.192,238657.27
2025-02-27 20:00:00,1.193,1.234,1.177,1.225,366906.8
2025-02-28 00:00:00,1.226,1.228,1.151,1.152,517087.48
2025-02-28 04:00:00,1.152,1.16,1.07,1.113,1313550.92
2025-02-28 08:00:00,1.113,1.134,1.091,1.112,653419.85
2025-02-28 12:00:00,1.11,1.18,1.107,1.122,702698.47
2025-02-28 16:00:00,1.124,1.151,1.058,1.095,1524520.4
2025-02-28 20:00:00,1.095,1.115,1.093,1.113,381990.0
2025-03-01 00:00:00,1.114,1.126,1.092,1.121,251207.17
2025-03-01 04:00:00,1.122,1.142,1.118,1.122,322604.6
2025-03-01 08:00:00,1.122,1.137,1.116,1.123,259994.02
2025-03-01 12:00:00,1.124,1.132,1.112,1.13,155233.9
2025-03-01 16:00:00,1.131,1.163,1.124,1.146,395031.91
2025-03-01 20:00:00,1.146,1.152,1.132,1.132,189030.99
2025-03-02 00:00:00,1.133,1.151,1.13,1.142,156303.61
2025-03-02 04:00:00,1.142,1.161,1.141,1.143,98529.6
2025-03-02 08:00:00,1.142,1.179,1.14,1.167,169369.01
2025-03-02 12:00:00,1.167,1.185,1.136,1.171,309759.29
2025-03-02 16:00:00,1.17,1.268,1.169,1.243,825636.36
2025-03-02 20:00:00,1.241,1.256,1.226,1.251,434116.14
2025-03-03 00:00:00,1.252,1.253,1.214,1.222,166456.95
2025-03-03 04:00:00,1.222,1.231,1.18,1.201,131505.98
2025-03-03 08:00:00,1.202,1.219,1.18,1.219,254250.17
2025-03-03 12:00:00,1.219,1.234,1.185,1.193,224512.83
2025-03-03 16:00:00,1.195,1.196,1.143,1.144,282681.44
2025-03-03 20:00:00,1.144,1.18,1.128,1.17,285135.03
2025-03-04 00:00:00,1.169,1.174,1.103,1.131,362925.58
2025-03-04 04:00:00,1.13,1.144,1.113,1.114,155650.78
2025-03-04 08:00:00,1.113,1.144,1.111,1.139,189246.22
2025-03-04 12:00:00,1.138,1.139,1.05,1.092,1035991.41
2025-03-04 16:00:00,1.092,1.15,1.071,1.147,344862.34
2025-03-04 20:00:00,1.15,1.152,1.128,1.139,139733.05
2025-03-05 00:00:00,1.14,1.148,1.132,1.138,89946.26
2025-03-05 04:00:00,1.136,1.159,1.136,1.155,119966.78
2025-03-05 08:00:00,1.155,1.179,1.151,1.158,181778.83
2025-03-05 12:00:00,1.158,1.17,1.134,1.146,301950.96
2025-03-05 16:00:00,1.146,1.168,1.134,1.158,247365.11
2025-03-05 20:00:00,1.158,1.168,1.147,1.165,158192.12
2025-03-06 00:00:00,1.165,1.184,1.161,1.178,157549.96
2025-03-06 04:00:00,1.178,1.188,1.169,1.17,135977.39
2025-03-06 08:00:00,1.169,1.188,1.166,1.182,126187.55
2025-03-06 12:00:00,1.184,1.185,1.152,1.163,243280.91
2025-03-06 16:00:00,1.163,1.168,1.127,1.137,207329.5
2025-03-06 20:00:00,1.137,1.156,1.136,1.148,124999.8
2025-03-07 00:00:00,1.148,1.158,1.102,1.13,232449.39
2025-03-07 04:00:00,1.13,1.14,1.126,1.137,153436.5
2025-03-07 08:00:00,1.138,1.153,1.13,1.15,116180.52
2025-03-07 12:00:00,1.15,1.174,1.132,1.153,328916.79
2025-03-07 16:00:00,1.151,1.17,1.129,1.153,256413.6
2025-03-07 20:00:00,1.155,1.157,1.125,1.131,214357.36
2025-03-08 00:00:00,1.131,1.136,1.12,1.126,114718.62
2025-03-08 04:00:00,1.124,1.151,1.124,1.139,169398.66
2025-03-08 08:00:00,1.141,1.147,1.134,1.138,127002.34
2025-03-08 12:00:00,1.138,1.185,1.136,1.152,447460.6
2025-03-08 16:00:00,1.155,1.18,1.15,1.173,197319.43
2025-03-08 20:00:00,1.173,1.174,1.155,1.162,111734.97
2025-03-09 00:00:00,1.162,1.167,1.152,1.153,52942.31
2025-03-09 04:00:00,1.155,1.155,1.128,1.142,158068.76
2025-03-09 08:00:00,1.142,1.148,1.121,1.125,139669.14
2025-03-09 12:00:00,1.125,1.126,1.104,1.106,201710.67
2025-03-09 16:00:00,1.106,1.116,1.064,1.086,536866.78
2025-03-09 20:00:00,1.087,1.097,1.058,1.071,207424.96
2025-03-10 00:00:00,1.071,1.096,1.062,1.09,85865.77
2025-03-10 04:00:00,1.09,1.1,1.084,1.098,131482.05
2025-03-10 08:00:00,1.099,1.133,1.086,1.119,284440.59
2025-03-10 12:00:00,1.118,1.122,1.049,1.07,430886.35
2025-03-10 16:00:00,1.072,1.075,1.001,1.027,804631.47
2025-03-10 20:00:00,1.026,1.048,0.988,0.991,968190.87
2025-03-11 00:00:00,0.991,1.0,0.901,0.965,1255810.12
2025-03-11 04:00:00,0.965,1.01,0.964,1.004,409675.34
2025-03-11 08:00:00,1.004,1.035,1.001,1.019,570980.78
2025-03-11 12:00:00,1.017,1.024,0.996,1.021,750048.57
2025-03-11 16:00:00,1.021,1.038,1.005,1.036,831916.42
2025-03-11 20:00:00,1.035,1.047,1.025,1.037,215942.89
2025-03-12 00:00:00,1.035,1.043,1.012,1.012,103146.95
2025-03-12 04:00:00,1.013,1.05,1.005,1.042,171191.62
2025-03-12 08:00:00,1.044,1.059,1.028,1.054,238358.57
2025-03-12 12:00:00,1.056,1.07,1.032,1.054,310013.65
2025-03-12 16:00:00,1.054,1.084,1.041,1.056,360557.06
2025-03-12 20:00:00,1.055,1.079,1.054,1.07,138052.78
2025-03-13 00:00:00,1.071,1.072,1.06,1.06,88345.62
2025-03-13 04:00:00,1.061,1.068,1.036,1.05,171161.73
2025-03-13 08:00:00,1.05,1.059,1.042,1.049,149940.79
2025-03-13 12:00:00,1.051,1.078,1.048,1.064,334807.61
2025-03-13 16:00:00,1.063,1.075,1.037,1.04,278209.43
2025-03-13 20:00:00,1.039,1.053,1.032,1.052,130857.49
2025-03-14 00:00:00,1.052,1.065,1.048,1.065,64489.22
2025-03-14 04:00:00,1.065,1.07,1.054,1.059,111819.85
2025-03-14 08:00:00,1.057,1.088,1.056,1.081,205843.4
2025-03-14 12:00:00,1.081,1.106,1.071,1.095,225049.02
2025-03-14 16:00:00,1.095,1.1,1.082,1.087,178966.39
2025-03-14 20:00:00,1.088,1.088,1.073,1.077,74520.34
2025-03-15 00:00:00,1.078,1.086,1.071,1.079,60353.06
2025-03-15 04:00:00,1.078,1.083,1.071,1.072,52766.27
2025-03-15 08:00:00,1.072,1.083,1.066,1.078,156051.22
2025-03-15 12:00:00,1.078,1.086,1.073,1.08,136796.55
2025-03-15 16:00:00,1.082,1.09,1.076,1.083,86660.21
2025-03-15 20:00:00,1.084,1.1,1.08,1.082,127355.81
2025-03-16 00:00:00,1.082,1.087,1.068,1.078,72010.93
2025-03-16 04:00:00,1.077,1.084,1.076,1.077,52255.63
2025-03-16 08:00:00,1.078,1.081,1.056,1.058,193006.65
2025-03-16 12:00:00,1.058,1.068,1.052,1.065,137790.12
2025-03-16 16:00:00,1.065,1.081,1.05,1.053,159017.52
2025-03-16 20:00:00,1.053,1.058,1.044,1.052,116012.41
2025-03-17 00:00:00,1.051,1.063,1.049,1.06,52814.24
2025-03-17 04:00:00,1.06,1.062,1.048,1.052,61762.93
2025-03-17 08:00:00,1.052,1.066,1.046,1.059,124808.35
2025-03-17 12:00:00,1.059,1.083,1.055,1.074,291987.24
2025-03-17 16:00:00,1.075,1.096,1.074,1.088,233811.04
2025-03-17 20:00:00,1.089,1.096,1.08,1.084,103093.21
2025-03-18 00:00:00,1.085,1.086,1.064,1.066,76393.21
2025-03-18 04:00:00,1.065,1.084,1.061,1.082,106860.28
2025-03-18 08:00:00,1.082,1.088,1.073,1.076,147588.44
2025-03-18 12:00:00,1.077,1.093,1.07,1.088,251555.86
2025-03-18 16:00:00,1.088,1.109,1.085,1.096,285536.81
2025-03-18 20:00:00,1.097,1.102,1.08,1.098,144250.17
2025-03-19 00:00:00,1.098,1.102,1.092,1.094,50795.1
2025-03-19 04:00:00,1.094,1.098,1.085,1.088,60860.21
2025-03-19 08:00:00,1.087,1.124,1.085,1.118,232960.35
2025-03-19 12:00:00,1.118,1.134,1.087,1.128,417041.73
2025-03-19 16:00:00,1.128,1.14,1.112,1.126,190051.43
2025-03-19 20:00:00,1.127,1.132,1.115,1.126,124258.64
2025-03-20 00:00:00,1.128,1.138,1.113,1.116,88545.74
2025-03-20 04:00:00,1.114,1.12,1.102,1.108,90261.1
2025-03-20 08:00:00,1.11,1.126,1.104,1.111,154604.04
2025-03-20 12:00:00,1.113,1.122,1.097,1.099,117581.08
2025-03-20 16:00:00,1.097,1.124,1.096,1.106,183111.52
2025-03-20 20:00:00,1.107,1.113,1.101,1.106,66904.43
2025-03-21 00:00:00,1.106,1.119,1.103,1.108,44850.63
2025-03-21 04:00:00,1.108,1.132,1.104,1.111,141929.02
2025-03-21 08:00:00,1.109,1.129,1.106,1.114,141715.34
2025-03-21 12:00:00,1.114,1.12,1.102,1.116,139642.32
2025-03-21 16:00:00,1.117,1.143,1.114,1.132,154561.93
2025-03-21 20:00:00,1.134,1.141,1.124,1.124,105384.26
2025-03-22 00:00:00,1.124,1.143,1.124,1.138,101771.18
2025-03-22 04:00:00,1.137,1.142,1.132,1.133,42278.76
2025-03-22 08:00:00,1.134,1.143,1.13,1.134,121912.29
2025-03-22 12:00:00,1.132,1.138,1.121,1.127,71686.51
2025-03-22 16:00:00,1.127,1.151,1.125,1.141,194223.94
2025-03-22 20:00:00,1.14,1.146,1.131,1.137,58014.83
2025-03-23 00:00:00,1.135,1.144,1.129,1.144,69569.35
2025-03-23 04:00:00,1.143,1.145,1.135,1.139,31933.5
2025-03-23 08:00:00,1.139,1.175,1.136,1.159,230034.27
2025-03-23 12:00:00,1.159,1.164,1.143,1.148,133291.79
2025-03-23 16:00:00,1.149,1.151,1.134,1.146,123620.59
2025-03-23 20:00:00,1.147,1.155,1.135,1.144,120139.49
2025-03-24 00:00:00,1.143,1.148,1.132,1.144,80829.01
2025-03-24 04:00:00,1.143,1.168,1.141,1.16,213414.45
2025-03-24 08:00:00,1.159,1.19,1.159,1.179,260335.63
2025-03-24 12:00:00,1.179,1.182,1.158,1.177,217996.15
2025-03-24 16:00:00,1.178,1.184,1.144,1.167,273138.99
2025-03-24 20:00:00,1.167,1.172,1.156,1.16,87341.33
2025-03-25 00:00:00,1.161,1.165,1.14,1.141,61110.88
2025-03-25 04:00:00,1.14,1.15,1.137,1.146,68319.52
2025-03-25 08:00:00,1.146,1.161,1.136,1.148,188673.71
2025-03-25 12:00:00,1.15,1.158,1.137,1.147,149947.14
2025-03-25 16:00:00,1.146,1.161,1.146,1.15,123193.46
2025-03-25 20:00:00,1.152,1.175,1.15,1.171,159540.14
2025-03-26 00:00:00,1.171,1.172,1.148,1.156,100443.34
2025-03-26 04:00:00,1.155,1.163,1.153,1.16,61166.38
2025-03-26 08:00:00,1.16,1.179,1.159,1.175,186179.85
2025-03-26 12:00:00,1.175,1.181,1.151,1.16,257158.52
2025-03-26 16:00:00,1.16,1.184,1.159,1.166,161005.07
2025-03-26 20:00:00,1.167,1.173,1.155,1.165,146316.35
2025-03-27 00:00:00,1.165,1.185,1.16,1.179,89930.0
2025-03-27 04:00:00,1.179,1.181,1.165,1.168,67808.64
2025-03-27 08:00:00,1.168,1.182,1.158,1.16,199688.42
2025-03-27 12:00:00,1.161,1.188,1.159,1.176,257236.04
2025-03-27 16:00:00,1.176,1.18,1.158,1.168,177909.63
2025-03-27 20:00:00,1.168,1.174,1.164,1.169,77835.07
2025-03-28 00:00:00,1.17,1.17,1.143,1.147,124488.84
2025-03-28 04:00:00,1.147,1.148,1.114,1.119,119014.9
2025-03-28 08:00:00,1.119,1.128,1.1,1.113,284697.59
2025-03-28 12:00:00,1.113,1.13,1.105,1.118,147260.8
2025-03-28 16:00:00,1.119,1.128,1.113,1.119,118295.45
2025-03-28 20:00:00,1.119,1.126,1.115,1.12,88377.42
2025-03-29 00:00:00,1.121,1.124,1.108,1.113,46847.72
2025-03-29 04:00:00,1.113,1.114,1.092,1.096,71499.66
2025-03-29 08:00:00,1.096,1.112,1.082,1.086,188034.66
2025-03-29 12:00:00,1.086,1.101,1.077,1.08,117668.05
2025-03-29 16:00:00,1.08,1.084,1.066,1.079,150076.53
2025-03-29 20:00:00,1.079,1.084,1.069,1.081,107336.17
2025-03-30 00:00:00,1.081,1.091,1.072,1.082,45077.6
2025-03-30 04:00:00,1.083,1.088,1.069,1.082,106785.69
2025-03-30 08:00:00,1.081,1.091,1.078,1.08,115361.23
2025-03-30 12:00:00,1.081,1.084,1.07,1.081,132474.54
2025-03-30 16:00:00,1.08,1.081,1.064,1.073,139409.36
2025-03-30 20:00:00,1.075,1.077,1.053,1.068,125143.15
2025-03-31 00:00:00,1.068,1.076,1.051,1.053,98692.59
2025-03-31 04:00:00,1.055,1.078,1.038,1.046,329334.69
2025-03-31 08:00:00,1.047,1.057,1.036,1.05,185653.91
2025-03-31 12:00:00,1.051,1.07,1.036,1.044,421459.16
2025-03-31 16:00:00,1.045,1.055,1.035,1.047,260636.26
2025-03-31 20:00:00,1.047,1.088,1.047,1.085,226597.79
2025-04-01 00:00:00,1.085,1.094,1.07,1.07,117919.67
2025-04-01 04:00:00,1.072,1.084,1.064,1.078,111863.03
2025-04-01 08:00:00,1.078,1.094,1.062,1.073,232348.14
2025-04-01 12:00:00,1.073,1.104,1.064,1.099,218105.15
2025-04-01 16:00:00,1.1,1.102,1.084,1.085,136343.55
2025-04-01 20:00:00,1.087,1.094,1.081,1.084,144101.8
2025-04-02 00:00:00,1.084,1.084,1.064,1.068,123212.87
2025-04-02 04:00:00,1.068,1.073,1.021,1.044,359238.19
2025-04-02 08:00:00,1.044,1.074,1.04,1.06,202629.88
2025-04-02 12:00:00,1.062,1.091,1.057,1.079,234855.53
2025-04-02 16:00:00,1.081,1.097,1.078,1.084,174857.13
2025-04-02 20:00:00,1.083,1.097,1.028,1.045,300497.02
2025-04-03 00:00:00,1.043,1.046,1.026,1.031,179130.39
2025-04-03 04:00:00,1.031,1.04,1.024,1.029,113864.85
2025-04-03 08:00:00,1.029,1.038,1.02,1.03,202266.53
2025-04-03 12:00:00,1.03,1.062,1.017,1.04,446705.55
2025-04-03 16:00:00,1.04,1.062,1.024,1.047,236495.15
2025-04-03 20:00:00,1.046,1.068,1.044,1.063,108833.68
2025-04-04 00:00:00,1.065,1.066,1.049,1.058,65752.24
2025-04-04 04:00:00,1.058,1.082,1.052,1.071,155872.64
2025-04-04 08:00:00,1.072,1.082,1.045,1.056,195370.03
2025-04-04 12:00:00,1.056,1.098,1.053,1.086,239244.3
2025-04-04 16:00:00,1.088,1.12,1.081,1.087,242601.39
2025-04-04 20:00:00,1.089,1.097,1.084,1.089,70764.0
2025-04-05 00:00:00,1.089,1.089,1.076,1.078,34160.42
2025-04-05 04:00:00,1.078,1.079,1.065,1.072,64975.13
2025-04-05 08:00:00,1.072,1.073,1.049,1.06,247423.67
2025-04-05 12:00:00,1.061,1.062,1.04,1.045,125062.83
2025-04-05 16:00:00,1.046,1.061,1.039,1.049,139452.7
2025-04-05 20:00:00,1.049,1.064,1.044,1.062,67633.73
2025-04-06 00:00:00,1.062,1.07,1.046,1.049,130099.23
2025-04-06 04:00:00,1.049,1.05,1.025,1.032,226104.46
2025-04-06 08:00:00,1.033,1.036,1.016,1.022,180278.01
2025-04-06 12:00:00,1.022,1.027,0.994,1.012,445658.43
2025-04-06 16:00:00,1.011,1.042,0.977,0.997,802555.3
2025-04-06 20:00:00,0.997,1.008,0.945,0.976,931290.1
2025-04-07 00:00:00,0.977,0.982,0.944,0.95,496228.74
2025-04-07 04:00:00,0.95,0.994,0.824,0.825,2110436.24
2025-04-07 08:00:00,0.827,0.945,0.821,0.91,2786163.63
2025-04-07 12:00:00,0.91,0.973,0.891,0.967,979523.37
2025-04-07 16:00:00,0.968,1.002,0.955,0.966,519181.68
2025-04-07 20:00:00,0.967,1.008,0.965,0.992,296695.39
2025-04-08 00:00:00,0.991,1.008,0.984,0.997,168246.93
2025-04-08 04:00:00,0.998,1.012,0.995,1.01,249109.2
2025-04-08 08:00:00,1.009,1.016,0.994,1.004,320960.71
2025-04-08 12:00:00,1.005,1.005,0.964,0.973,296037.39
2025-04-08 16:00:00,0.974,0.98,0.954,0.96,452330.74
2025-04-08 20:00:00,0.961,0.974,0.953,0.954,174090.68
2025-04-09 00:00:00,0.954,0.954,0.906,0.918,569544.94
2025-04-09 04:00:00,0.92,0.964,0.919,0.963,280537.61
2025-04-09 08:00:00,0.963,0.965,0.934,0.938,322267.75
2025-04-09 12:00:00,0.938,0.971,0.926,0.968,413326.3
2025-04-09 16:00:00,0.968,1.047,0.966,1.04,691989.69
2025-04-09 20:00:00,1.039,1.052,1.032,1.039,313482.21
2025-04-10 00:00:00,1.038,1.042,1.015,1.016,149971.86
2025-04-10 04:00:00,1.017,1.021,0.991,0.997,165113.14
2025-04-10 08:00:00,0.998,1.016,0.993,1.013,195355.51
2025-04-10 12:00:00,1.014,1.015,0.97,0.977,334617.16
2025-04-10 16:00:00,0.977,1.016,0.968,1.007,353585.76
2025-04-10 20:00:00,1.006,1.025,1.006,1.013,205058.69
2025-04-11 00:00:00,1.012,1.028,1.009,1.022,87366.53
2025-04-11 04:00:00,1.022,1.028,1.019,1.02,118897.05
2025-04-11 08:00:00,1.02,1.05,1.017,1.034,351508.25
2025-04-11 12:00:00,1.034,1.047,1.02,1.033,176351.19
2025-04-11 16:00:00,1.033,1.051,1.031,1.042,94736.91
2025-04-11 20:00:00,1.043,1.053,1.037,1.046,86790.57
2025-04-12 00:00:00,1.046,1.048,1.026,1.03,77075.17
2025-04-12 04:00:00,1.03,1.048,1.027,1.036,132623.99
2025-04-12 08:00:00,1.036,1.048,1.032,1.047,91930.66
2025-04-12 12:00:00,1.045,1.062,1.043,1.048,179536.69
2025-04-12 16:00:00,1.049,1.065,1.044,1.049,231805.92
2025-04-12 20:00:00,1.05,1.055,1.046,1.053,78499.45
2025-04-13 00:00:00,1.053,1.067,1.041,1.048,108091.88
2025-04-13 04:00:00,1.049,1.049,1.031,1.031,67517.63
2025-04-13 08:00:00,1.032,1.051,1.031,1.043,87745.6
2025-04-13 12:00:00,1.044,1.044,1.014,1.029,133890.21
2025-04-13 16:00:00,1.03,1.047,1.015,1.021,103994.58
2025-04-13 20:00:00,1.021,1.029,1.008,1.02,119217.74
2025-04-14 00:00:00,1.02,1.044,1.017,1.032,72608.6
2025-04-14 04:00:00,1.033,1.043,1.002,1.025,200892.02
2025-04-14 08:00:00,1.026,1.042,1.016,1.031,142280.24
2025-04-14 12:00:00,1.032,1.048,1.024,1.034,217723.62
2025-04-14 16:00:00,1.035,1.056,1.033,1.055,119991.13
2025-04-14 20:00:00,1.055,1.059,1.04,1.043,117944.47
2025-04-15 00:00:00,1.042,1.051,1.032,1.049,77036.93
2025-04-15 04:00:00,1.05,1.051,1.02,1.026,169824.96
2025-04-15 08:00:00,1.026,1.035,1.013,1.029,141172.65
2025-04-15 12:00:00,1.03,1.039,1.017,1.021,150713.77
2025-04-15 16:00:00,1.022,1.05,1.011,1.025,275281.78
2025-04-15 20:00:00,1.025,1.028,1.006,1.007,77941.67
2025-04-16 00:00:00,1.007,1.019,1.003,1.005,105706.09
2025-04-16 04:00:00,1.005,1.018,0.995,1.012,186939.7
2025-04-16 08:00:00,1.012,1.032,1.008,1.021,113221.74
2025-04-16 12:00:00,1.022,1.038,1.01,1.024,172467.64
2025-04-16 16:00:00,1.025,1.041,1.009,1.018,223779.63
2025-04-16 20:00:00,1.019,1.023,1.012,1.019,57450.5
2025-04-17 00:00:00,1.018,1.024,1.016,1.018,39158.86
2025-04-17 04:00:00,1.019,1.032,1.012,1.027,97541.48
2025-04-17 08:00:00,1.028,1.038,1.02,1.038,129376.2
2025-04-17 12:00:00,1.038,1.045,1.019,1.04,177325.34
2025-04-17 16:00:00,1.042,1.048,1.032,1.032,169916.76
2025-04-17 20:00:00,1.033,1.048,1.02,1.028,172007.59
2025-04-18 00:00:00,1.028,1.028,1.016,1.026,35080.26
2025-04-18 04:00:00,1.025,1.029,1.013,1.014,58444.69
2025-04-18 08:00:00,1.014,1.036,1.013,1.022,159727.13
2025-04-18 12:00:00,1.022,1.024,1.013,1.021,82019.65
2025-04-18 16:00:00,1.021,1.024,1.012,1.021,78124.9
2025-04-18 20:00:00,1.021,1.028,1.016,1.019,60690.93
2025-04-19 00:00:00,1.019,1.033,1.016,1.022,63011.29
2025-04-19 04:00:00,1.022,1.028,1.017,1.028,43281.21
2025-04-19 08:00:00,1.026,1.034,1.02,1.022,79360.33
2025-04-19 12:00:00,1.024,1.038,1.022,1.026,131461.86
2025-04-19 16:00:00,1.028,1.032,1.02,1.029,51668.34
2025-04-19 20:00:00,1.03,1.035,1.028,1.034,38012.69
2025-04-20 00:00:00,1.034,1.036,1.027,1.031,32593.84
2025-04-20 04:00:00,1.031,1.038,1.017,1.02,85972.54
2025-04-20 08:00:00,1.02,1.026,1.012,1.015,78892.96
2025-04-20 12:00:00,1.015,1.039,1.013,1.033,119464.71
2025-04-20 16:00:00,1.033,1.037,1.028,1.033,77639.95
2025-04-20 20:00:00,1.033,1.039,1.022,1.024,125027.49
2025-04-21 00:00:00,1.024,1.058,1.023,1.046,176893.52
2025-04-21 04:00:00,1.047,1.052,1.038,1.041,102760.57
2025-04-21 08:00:00,1.042,1.046,1.024,1.025,150271.85
2025-04-21 12:00:00,1.026,1.055,1.016,1.054,223959.2
2025-04-21 16:00:00,1.054,1.057,1.025,1.034,170721.96
2025-04-21 20:00:00,1.035,1.044,1.026,1.043,83680.62
2025-04-22 00:00:00,1.043,1.044,1.029,1.036,98773.83
2025-04-22 04:00:00,1.036,1.042,1.028,1.042,68468.09
2025-04-22 08:00:00,1.042,1.063,1.041,1.051,260485.16
2025-04-22 12:00:00,1.051,1.089,1.04,1.077,315666.72
2025-04-22 16:00:00,1.077,1.096,1.071,1.092,203785.56
2025-04-22 20:00:00,1.092,1.117,1.085,1.092,199041.71
2025-04-23 00:00:00,1.092,1.101,1.09,1.097,74739.12
2025-04-23 04:00:00,1.097,1.098,1.045,1.068,376567.17
2025-04-23 08:00:00,1.068,1.087,1.056,1.068,388518.47
2025-04-23 12:00:00,1.07,1.083,1.047,1.049,284214.5
2025-04-23 16:00:00,1.05,1.072,1.041,1.069,239282.27
2025-04-23 20:00:00,1.069,1.119,1.057,1.106,552254.59
2025-04-24 00:00:00,1.105,1.108,1.074,1.074,87988.75
2025-04-24 04:00:00,1.076,1.091,1.066,1.07,93727.5
2025-04-24 08:00:00,1.069,1.076,1.06,1.074,158457.8
2025-04-24 12:00:00,1.075,1.11,1.059,1.098,477278.24
2025-04-24 16:00:00,1.097,1.122,1.093,1.112,211776.74
2025-04-24 20:00:00,1.112,1.13,1.11,1.121,120165.56
2025-04-25 00:00:00,1.123,1.132,1.1,1.107,104775.39
2025-04-25 04:00:00,1.108,1.112,1.092,1.096,136243.91
2025-04-25 08:00:00,1.097,1.131,1.09,1.126,186588.97
2025-04-25 12:00:00,1.126,1.143,1.108,1.128,255068.8
2025-04-25 16:00:00,1.127,1.13,1.114,1.117,86936.04
2025-04-25 20:00:00,1.117,1.128,1.115,1.121,90068.13
2025-04-26 00:00:00,1.121,1.131,1.112,1.115,69189.92
2025-04-26 04:00:00,1.115,1.118,1.103,1.103,97568.05
2025-04-26 08:00:00,1.105,1.119,1.1,1.108,134857.3
2025-04-26 12:00:00,1.108,1.122,1.107,1.11,96180.69
2025-04-26 16:00:00,1.111,1.124,1.111,1.117,70426.46
2025-04-26 20:00:00,1.118,1.172,1.106,1.127,644235.53
2025-04-27 00:00:00,1.128,1.175,1.126,1.17,196563.63
2025-04-27 04:00:00,1.169,1.18,1.139,1.139,240638.56
2025-04-27 08:00:00,1.14,1.141,1.118,1.12,175563.67
2025-04-27 12:00:00,1.12,1.14,1.11,1.135,146942.19
2025-04-27 16:00:00,1.136,1.144,1.113,1.123,194093.82
2025-04-27 20:00:00,1.123,1.128,1.11,1.113,84263.39
2025-04-28 00:00:00,1.113,1.12,1.094,1.108,81225.53
2025-04-28 04:00:00,1.108,1.252,1.093,1.2,1205375.32
2025-04-28 08:00:00,1.198,1.248,1.18,1.244,1208587.57
2025-04-28 12:00:00,1.243,1.358,1.195,1.195,1785118.02
2025-04-28 16:00:00,1.196,1.223,1.195,1.222,267015.52
2025-04-28 20:00:00,1.221,1.232,1.204,1.208,218320.03
2025-04-29 00:00:00,1.209,1.222,1.202,1.207,123829.21
2025-04-29 04:00:00,1.207,1.234,1.202,1.23,197091.1
2025-04-29 08:00:00,1.23,1.234,1.215,1.229,128342.73
2025-04-29 12:00:00,1.23,1.233,1.213,1.225,132947.73
2025-04-29 16:00:00,1.225,1.24,1.22,1.23,101794.76
2025-04-29 20:00:00,1.229,1.232,1.205,1.212,99213.26
2025-04-30 00:00:00,1.212,1.23,1.21,1.224,70671.44
2025-04-30 04:00:00,1.224,1.225,1.2,1.206,163041.28
2025-04-30 08:00:00,1.207,1.224,1.203,1.221,151818.07
2025-04-30 12:00:00,1.221,1.221,1.182,1.212,246632.31
2025-04-30 16:00:00,1.212,1.221,1.204,1.207,103701.89
2025-04-30 20:00:00,1.206,1.218,1.203,1.205,85162.84
2025-05-01 00:00:00,1.205,1.225,1.205,1.216,79686.11
2025-05-01 04:00:00,1.217,1.225,1.208,1.225,105388.66
2025-05-01 08:00:00,1.225,1.239,1.214,1.233,208922.31
2025-05-01 12:00:00,1.235,1.254,1.231,1.245,204488.1
2025-05-01 16:00:00,1.245,1.259,1.237,1.24,113802.87
2025-05-01 20:00:00,1.242,1.254,1.235,1.236,115325.13
2025-05-02 00:00:00,1.238,1.248,1.236,1.24,51596.09
2025-05-02 04:00:00,1.24,1.249,1.232,1.236,116521.12
2025-05-02 08:00:00,1.236,1.243,1.232,1.236,86736.25
2025-05-02 12:00:00,1.236,1.246,1.232,1.238,133623.34
2025-05-02 16:00:00,1.238,1.258,1.235,1.237,174323.64
2025-05-02 20:00:00,1.237,1.263,1.233,1.256,147455.81
2025-05-03 00:00:00,1.255,1.287,1.248,1.255,101304.44
2025-05-03 04:00:00,1.256,1.281,1.242,1.275,102098.94
2025-05-03 08:00:00,1.275,1.291,1.248,1.248,150673.66
2025-05-03 12:00:00,1.25,1.262,1.247,1.25,101609.29
2025-05-03 16:00:00,1.248,1.269,1.248,1.26,103626.85
2025-05-03 20:00:00,1.262,1.268,1.244,1.245,56792.87
2025-05-04 00:00:00,1.245,1.256,1.242,1.251,77160.06
2025-05-04 04:00:00,1.251,1.337,1.245,1.284,712568.3
2025-05-04 08:00:00,1.286,1.286,1.249,1.257,162715.6
2025-05-04 12:00:00,1.257,1.28,1.251,1.276,145230.56
2025-05-04 16:00:00,1.274,1.278,1.248,1.248,125212.68
2025-05-04 20:00:00,1.25,1.257,1.219,1.22,126023.33
2025-05-05 00:00:00,1.22,1.221,1.199,1.214,118222.99
2025-05-05 04:00:00,1.215,1.237,1.213,1.23,93655.38
2025-05-05 08:00:00,1.23,1.247,1.216,1.228,169246.25
2025-05-05 12:00:00,1.228,1.233,1.218,1.228,150950.17
2025-05-05 16:00:00,1.23,1.272,1.228,1.266,147890.51
2025-05-05 20:00:00,1.266,1.266,1.252,1.259,53879.72
2025-05-06 00:00:00,1.259,1.264,1.24,1.25,64823.27
2025-05-06 04:00:00,1.251,1.256,1.24,1.241,56744.27
2025-05-06 08:00:00,1.242,1.25,1.227,1.228,122039.71
2025-05-06 12:00:00,1.23,1.24,1.224,1.233,118460.52
2025-05-06 16:00:00,1.233,1.248,1.225,1.247,83362.53
2025-05-06 20:00:00,1.245,1.261,1.232,1.26,74314.19
2025-05-07 00:00:00,1.26,1.265,1.246,1.252,47687.93
2025-05-07 04:00:00,1.252,1.259,1.237,1.256,112030.72
2025-05-07 08:00:00,1.256,1.26,1.245,1.25,82465.64
2025-05-07 12:00:00,1.252,1.259,1.24,1.241,179244.6
2025-05-07 16:00:00,1.242,1.244,1.231,1.232,90869.36
2025-05-07 20:00:00,1.232,1.254,1.231,1.246,74841.23
2025-05-08 00:00:00,1.246,1.277,1.242,1.277,91975.19
2025-05-08 04:00:00,1.277,1.291,1.266,1.289,182429.85
2025-05-08 08:00:00,1.289,1.292,1.251,1.254,299400.4
2025-05-08 12:00:00,1.254,1.292,1.22,1.252,701708.69
2025-05-08 16:00:00,1.254,1.283,1.25,1.262,266225.69
2025-05-08 20:00:00,1.264,1.283,1.256,1.274,185061.76
2025-05-09 00:00:00,1.273,1.277,1.256,1.256,155797.08
2025-05-09 04:00:00,1.256,1.291,1.255,1.283,204970.75
2025-05-09 08:00:00,1.283,1.314,1.25,1.271,605867.83
2025-05-09 12:00:00,1.271,1.3,1.252,1.266,382255.28
2025-05-09 16:00:00,1.267,1.281,1.256,1.276,157185.98
2025-05-09 20:00:00,1.274,1.284,1.265,1.271,105133.77
2025-05-10 00:00:00,1.271,1.28,1.266,1.277,64264.7
2025-05-10 04:00:00,1.277,1.296,1.27,1.293,161965.93
2025-05-10 08:00:00,1.293,1.3,1.275,1.282,188571.31
2025-05-10 12:00:00,1.28,1.296,1.28,1.288,103637.26
2025-05-10 16:00:00,1.29,1.311,1.288,1.303,125511.86
2025-05-10 20:00:00,1.303,1.315,1.296,1.302,178910.92
2025-05-11 00:00:00,1.303,1.312,1.275,1.29,140194.61
2025-05-11 04:00:00,1.29,1.295,1.245,1.252,258129.61
2025-05-11 08:00:00,1.253,1.287,1.252,1.286,130703.76
2025-05-11 12:00:00,1.286,1.289,1.26,1.262,152943.0
2025-05-11 16:00:00,1.263,1.28,1.256,1.268,110378.84
2025-05-11 20:00:00,1.27,1.277,1.264,1.27,91977.0
2025-05-12 00:00:00,1.27,1.28,1.268,1.274,73580.37
2025-05-12 04:00:00,1.274,1.3,1.269,1.289,160734.68
2025-05-12 08:00:00,1.289,1.31,1.268,1.278,517885.63
2025-05-12 12:00:00,1.276,1.291,1.26,1.26,334689.51
2025-05-12 16:00:00,1.261,1.275,1.244,1.262,196061.08
2025-05-12 20:00:00,1.264,1.274,1.26,1.264,129721.35
2025-05-13 00:00:00,1.266,1.266,1.247,1.253,71018.23
2025-05-13 04:00:00,1.255,1.271,1.25,1.268,87067.83
2025-05-13 08:00:00,1.268,1.288,1.26,1.288,131579.85
2025-05-13 12:00:00,1.288,1.297,1.27,1.294,238123.85
2025-05-13 16:00:00,1.295,1.298,1.282,1.289,272548.54
2025-05-13 20:00:00,1.289,1.295,1.28,1.282,117885.46
2025-05-14 00:00:00,1.28,1.296,1.277,1.288,108138.47
2025-05-14 04:00:00,1.288,1.298,1.278,1.284,110610.72
2025-05-14 08:00:00,1.285,1.3,1.262,1.285,281531.19
2025-05-14 12:00:00,1.285,1.298,1.262,1.281,154785.44
2025-05-14 16:00:00,1.279,1.292,1.276,1.285,114136.27
2025-05-14 20:00:00,1.286,1.29,1.276,1.278,67963.16
2025-05-15 00:00:00,1.278,1.285,1.26,1.263,86860.62
2025-05-15 04:00:00,1.265,1.267,1.244,1.247,164706.2
2025-05-15 08:00:00,1.249,1.268,1.243,1.266,143112.44
2025-05-15 12:00:00,1.267,1.284,1.244,1.271,304474.68
2025-05-15 16:00:00,1.27,1.281,1.255,1.262,145239.03
2025-05-15 20:00:00,1.262,1.27,1.254,1.266,67715.06
2025-05-16 00:00:00,1.267,1.277,1.262,1.274,59970.75
2025-05-16 04:00:00,1.275,1.281,1.262,1.274,103354.32
2025-05-16 08:00:00,1.275,1.303,1.269,1.297,280758.17
2025-05-16 12:00:00,1.297,1.301,1.282,1.295,140934.98
2025-05-16 16:00:00,1.295,1.3,1.282,1.285,119125.35
2025-05-16 20:00:00,1.284,1.299,1.276,1.285,119746.2
2025-05-17 00:00:00,1.285,1.288,1.261,1.272,81773.2
2025-05-17 04:00:00,1.273,1.294,1.267,1.269,180012.96
2025-05-17 08:00:00,1.269,1.273,1.258,1.26,91350.01
2025-05-17 12:00:00,1.26,1.273,1.253,1.266,81587.87
2025-05-17 16:00:00,1.266,1.267,1.258,1.262,93757.33
2025-05-17 20:00:00,1.263,1.27,1.257,1.261,38626.74
2025-05-18 00:00:00,1.26,1.278,1.259,1.263,47285.24
2025-05-18 04:00:00,1.264,1.274,1.261,1.272,69864.59
2025-05-18 08:00:00,1.272,1.303,1.269,1.288,327220.47
2025-05-18 12:00:00,1.289,1.303,1.282,1.297,209970.38
2025-05-18 16:00:00,1.298,1.3,1.255,1.257,256141.29
2025-05-18 20:00:00,1.257,1.295,1.25,1.294,262746.04
2025-05-19 00:00:00,1.294,1.299,1.266,1.272,106902.15
2025-05-19 04:00:00,1.273,1.275,1.248,1.254,200944.82
2025-05-19 08:00:00,1.255,1.266,1.248,1.259,370859.11
2025-05-19 12:00:00,1.261,1.27,1.234,1.257,404435.55
2025-05-19 16:00:00,1.257,1.27,1.242,1.265,168199.81
2025-05-19 20:00:00,1.265,1.269,1.249,1.264,147363.49
2025-05-20 00:00:00,1.266,1.269,1.256,1.266,70067.08
2025-05-20 04:00:00,1.266,1.27,1.249,1.256,102435.77
2025-05-20 08:00:00,1.258,1.262,1.245,1.255,94453.33
2025-05-20 12:00:00,1.256,1.279,1.245,1.274,259254.43
2025-05-20 16:00:00,1.276,1.278,1.262,1.276,135889.31
2025-05-20 20:00:00,1.275,1.282,1.272,1.273,74474.52
2025-05-21 00:00:00,1.273,1.281,1.271,1.28,21816.59
2025-05-21 04:00:00,1.28,1.304,1.274,1.283,342713.69
2025-05-21 08:00:00,1.283,1.299,1.276,1.293,150879.11
2025-05-21 12:00:00,1.293,1.32,1.254,1.26,782907.91
2025-05-21 16:00:00,1.26,1.282,1.242,1.27,684444.68
2025-05-21 20:00:00,1.27,1.285,1.261,1.276,138430.24
2025-05-22 00:00:00,1.275,1.29,1.267,1.286,131621.84
2025-05-22 04:00:00,1.286,1.295,1.268,1.292,219573.58
2025-05-22 08:00:00,1.294,1.298,1.282,1.291,198824.69
2025-05-22 12:00:00,1.291,1.305,1.283,1.297,313380.34
2025-05-22 16:00:00,1.298,1.3,1.265,1.293,481108.89
2025-05-22 20:00:00,1.292,1.296,1.285,1.293,86950.05
2025-05-23 00:00:00,1.292,1.297,1.284,1.295,126753.61
2025-05-23 04:00:00,1.296,1.297,1.223,1.269,912436.96
2025-05-23 08:00:00,1.271,1.284,1.252,1.257,380411.4
2025-05-23 12:00:00,1.259,1.271,1.242,1.257,272195.07
2025-05-23 16:00:00,1.255,1.265,1.24,1.258,168078.61
2025-05-23 20:00:00,1.257,1.265,1.24,1.248,126347.66
2025-05-24 00:00:00,1.248,1.253,1.241,1.251,39757.16
2025-05-24 04:00:00,1.251,1.253,1.242,1.244,67384.02
2025-05-24 08:00:00,1.245,1.256,1.24,1.252,118645.42
2025-05-24 12:00:00,1.252,1.29,1.249,1.278,230846.52
2025-05-24 16:00:00,1.28,1.281,1.269,1.274,98815.22
2025-05-24 20:00:00,1.274,1.279,1.26,1.264,77520.83
2025-05-25 00:00:00,1.266,1.278,1.255,1.275,64752.7
2025-05-25 04:00:00,1.275,1.281,1.264,1.269,119400.89
2025-05-25 08:00:00,1.269,1.271,1.251,1.258,147588.46
2025-05-25 12:00:00,1.259,1.264,1.246,1.257,105319.11
2025-05-25 16:00:00,1.258,1.274,1.251,1.263,77211.56
2025-05-25 20:00:00,1.263,1.277,1.256,1.271,62328.1
2025-05-26 00:00:00,1.271,1.277,1.266,1.275,40253.17
2025-05-26 04:00:00,1.275,1.284,1.267,1.277,102886.37
2025-05-26 08:00:00,1.277,1.282,1.261,1.265,185306.78
2025-05-26 12:00:00,1.266,1.282,1.264,1.275,287296.3
2025-05-26 16:00:00,1.276,1.282,1.25,1.255,292287.28
2025-05-26 20:00:00,1.257,1.264,1.254,1.258,58385.38
2025-05-27 00:00:00,1.257,1.26,1.245,1.25,73070.48
2025-05-27 04:00:00,1.252,1.277,1.248,1.269,100356.12
2025-05-27 08:00:00,1.271,1.279,1.264,1.271,220328.15
2025-05-27 12:00:00,1.271,1.283,1.265,1.274,179832.31
2025-05-27 16:00:00,1.276,1.283,1.27,1.275,114005.33
2025-05-27 20:00:00,1.277,1.277,1.262,1.265,51216.7
2025-05-28 00:00:00,1.264,1.269,1.256,1.266,43421.44
2025-05-28 04:00:00,1.266,1.27,1.254,1.256,90945.96
2025-05-28 08:00:00,1.258,1.266,1.251,1.258,95376.63
2025-05-28 12:00:00,1.259,1.268,1.237,1.25,367916.45
2025-05-28 16:00:00,1.248,1.253,1.229,1.233,233589.59
2025-05-28 20:00:00,1.232,1.249,1.23,1.244,84862.56
2025-05-29 00:00:00,1.243,1.257,1.241,1.253,81092.96
2025-05-29 04:00:00,1.253,1.261,1.241,1.249,86270.25
2025-05-29 08:00:00,1.248,1.269,1.245,1.249,180549.1
2025-05-29 12:00:00,1.249,1.254,1.23,1.238,117238.71
2025-05-29 16:00:00,1.237,1.25,1.229,1.241,129803.31
2025-05-29 20:00:00,1.241,1.251,1.238,1.243,78675.85
2025-05-30 00:00:00,1.243,1.247,1.227,1.239,89183.06
2025-05-30 04:00:00,1.24,1.242,1.221,1.227,104891.82
2025-05-30 08:00:00,1.225,1.233,1.214,1.23,86022.76
2025-05-30 12:00:00,1.23,1.23,1.215,1.22,109113.88
2025-05-30 16:00:00,1.222,1.223,1.197,1.217,144283.5
2025-05-30 20:00:00,1.217,1.233,1.208,1.21,156139.64
2025-05-31 00:00:00,1.212,1.22,1.202,1.208,67311.22
2025-05-31 04:00:00,1.208,1.233,1.204,1.221,144222.36
2025-05-31 08:00:00,1.222,1.227,1.21,1.219,105874.29
2025-05-31 12:00:00,1.221,1.239,1.213,1.233,104517.64
2025-05-31 16:00:00,1.233,1.245,1.221,1.241,163404.27
2025-05-31 20:00:00,1.241,1.245,1.232,1.237,84033.05
2025-06-01 00:00:00,1.238,1.246,1.23,1.241,49930.99
2025-06-01 04:00:00,1.242,1.248,1.23,1.234,51946.39
2025-06-01 08:00:00,1.235,1.235,1.211,1.22,110209.49
2025-06-01 12:00:00,1.22,1.233,1.213,1.232,75577.78
2025-06-01 16:00:00,1.232,1.237,1.222,1.234,64347.33
2025-06-01 20:00:00,1.233,1.238,1.218,1.221,100100.41
2025-06-02 00:00:00,1.222,1.224,1.208,1.21,42966.28
2025-06-02 04:00:00,1.212,1.231,1.203,1.23,271486.55
2025-06-02 08:00:00,1.231,1.244,1.222,1.226,193861.32
2025-06-02 12:00:00,1.226,1.24,1.221,1.233,189551.26
2025-06-02 16:00:00,1.233,1.239,1.226,1.233,113584.98
2025-06-02 20:00:00,1.235,1.25,1.233,1.248,62252.6
2025-06-03 00:00:00,1.248,1.262,1.245,1.25,80208.22
2025-06-03 04:00:00,1.251,1.256,1.243,1.246,68083.7
2025-06-03 08:00:00,1.246,1.246,1.235,1.241,132652.42
2025-06-03 12:00:00,1.242,1.263,1.238,1.257,140598.38
2025-06-03 16:00:00,1.258,1.259,1.248,1.25,73179.51
2025-06-03 20:00:00,1.251,1.256,1.242,1.247,68051.5
2025-06-04 00:00:00,1.248,1.259,1.245,1.252,31786.32
2025-06-04 04:00:00,1.253,1.259,1.244,1.251,84334.92
2025-06-04 08:00:00,1.251,1.256,1.24,1.244,89191.18
2025-06-04 12:00:00,1.244,1.256,1.241,1.256,113830.58
2025-06-04 16:00:00,1.256,1.258,1.247,1.255,124916.05
2025-06-04 20:00:00,1.256,1.257,1.245,1.247,54471.41
2025-06-05 00:00:00,1.247,1.252,1.244,1.248,30110.49
2025-06-05 04:00:00,1.248,1.252,1.235,1.238,51413.84
2025-06-05 08:00:00,1.239,1.252,1.236,1.25,99717.41
2025-06-05 12:00:00,1.252,1.258,1.236,1.241,191769.84
2025-06-05 16:00:00,1.241,1.243,1.214,1.217,142771.75
2025-06-05 20:00:00,1.219,1.222,1.201,1.216,222123.62
2025-06-06 00:00:00,1.214,1.216,1.199,1.216,117844.46
2025-06-06 04:00:00,1.216,1.231,1.212,1.221,193383.48
2025-06-06 08:00:00,1.223,1.238,1.206,1.218,251093.41
2025-06-06 12:00:00,1.219,1.232,1.195,1.221,151570.0
2025-06-06 16:00:00,1.221,1.227,1.198,1.213,289396.56
2025-06-06 20:00:00,1.212,1.222,1.209,1.221,95079.32
2025-06-07 00:00:00,1.221,1.224,1.201,1.212,92331.2
2025-06-07 04:00:00,1.212,1.238,1.209,1.233,166421.99
2025-06-07 08:00:00,1.233,1.258,1.227,1.257,186386.83
2025-06-07 12:00:00,1.258,1.258,1.241,1.244,102803.45
2025-06-07 16:00:00,1.244,1.247,1.238,1.238,66401.24
2025-06-07 20:00:00,1.238,1.25,1.238,1.247,113969.33
2025-06-08 00:00:00,1.247,1.255,1.239,1.242,60070.28
2025-06-08 04:00:00,1.241,1.244,1.232,1.235,60872.91
2025-06-08 08:00:00,1.235,1.24,1.225,1.231,107158.59
2025-06-08 12:00:00,1.23,1.242,1.223,1.234,71361.86
2025-06-08 16:00:00,1.234,1.244,1.23,1.24,69259.15
2025-06-08 20:00:00,1.241,1.244,1.226,1.226,48282.38
2025-06-09 00:00:00,1.228,1.231,1.221,1.228,62719.6
2025-06-09 04:00:00,1.227,1.228,1.22,1.227,52317.25
2025-06-09 08:00:00,1.226,1.249,1.226,1.248,224241.32
2025-06-09 12:00:00,1.247,1.248,1.228,1.238,192365.74
2025-06-09 16:00:00,1.239,1.249,1.236,1.246,119693.0
2025-06-09 20:00:00,1.246,1.259,1.24,1.259,167404.42
2025-06-10 00:00:00,1.259,1.266,1.246,1.257,168302.64
2025-06-10 04:00:00,1.257,1.26,1.24,1.248,147147.94
2025-06-10 08:00:00,1.25,1.264,1.228,1.264,427984.5
2025-06-10 12:00:00,1.265,1.267,1.238,1.252,367451.08
2025-06-10 16:00:00,1.254,1.269,1.242,1.26,215504.5
2025-06-10 20:00:00,1.26,1.269,1.245,1.254,210486.46
2025-06-11 00:00:00,1.255,1.257,1.246,1.252,40523.75
2025-06-11 04:00:00,1.25,1.261,1.245,1.26,112928.05
2025-06-11 08:00:00,1.26,1.28,1.259,1.262,221094.83
2025-06-11 12:00:00,1.263,1.282,1.258,1.271,170801.76
2025-06-11 16:00:00,1.272,1.28,1.257,1.258,161508.9
2025-06-11 20:00:00,1.258,1.265,1.245,1.254,77852.8
2025-06-12 00:00:00,1.254,1.256,1.243,1.246,36991.0
2025-06-12 04:00:00,1.244,1.252,1.235,1.237,60218.42
2025-06-12 08:00:00,1.238,1.269,1.235,1.256,286322.3
2025-06-12 12:00:00,1.256,1.265,1.237,1.239,175017.82
2025-06-12 16:00:00,1.238,1.258,1.233,1.235,104966.2
2025-06-12 20:00:00,1.235,1.243,1.221,1.222,168383.99
2025-06-13 00:00:00,1.221,1.223,1.191,1.205,251838.7
2025-06-13 04:00:00,1.204,1.226,1.195,1.214,304271.9
2025-06-13 08:00:00,1.213,1.222,1.19,1.215,214627.58
2025-06-13 12:00:00,1.216,1.222,1.205,1.216,123704.11
2025-06-13 16:00:00,1.218,1.222,1.21,1.214,96121.37
2025-06-13 20:00:00,1.214,1.23,1.213,1.228,63607.47
2025-06-14 00:00:00,1.228,1.229,1.214,1.216,59021.42
2025-06-14 04:00:00,1.216,1.225,1.211,1.215,50580.33
2025-06-14 08:00:00,1.215,1.218,1.206,1.213,51271.13
2025-06-14 12:00:00,1.213,1.224,1.208,1.208,55446.01
2025-06-14 16:00:00,1.209,1.215,1.202,1.204,80455.08
2025-06-14 20:00:00,1.204,1.215,1.203,1.21,45255.8
2025-06-15 00:00:00,1.21,1.217,1.207,1.21,38996.38
2025-06-15 04:00:00,1.209,1.214,1.202,1.211,29931.24
2025-06-15 08:00:00,1.211,1.214,1.2,1.202,86330.91
2025-06-15 12:00:00,1.202,1.219,1.2,1.215,93604.52
2025-06-15 16:00:00,1.216,1.227,1.21,1.22,118553.83
2025-06-15 20:00:00,1.22,1.223,1.205,1.221,63944.37
2025-06-16 00:00:00,1.22,1.232,1.214,1.229,67578.21
2025-06-16 04:00:00,1.228,1.235,1.225,1.228,92701.86
2025-06-16 08:00:00,1.228,1.251,1.224,1.235,270283.73
2025-06-16 12:00:00,1.236,1.238,1.221,1.23,151567.5
2025-06-16 16:00:00,1.231,1.241,1.23,1.238,87942.22
2025-06-16 20:00:00,1.237,1.243,1.222,1.223,108238.6
2025-06-17 00:00:00,1.222,1.244,1.221,1.235,92261.34
2025-06-17 04:00:00,1.237,1.24,1.22,1.224,59975.78
2025-06-17 08:00:00,1.226,1.229,1.206,1.21,89931.75
2025-06-17 12:00:00,1.21,1.225,1.192,1.205,335097.58
2025-06-17 16:00:00,1.205,1.226,1.192,1.224,241818.03
2025-06-17 20:00:00,1.221,1.225,1.211,1.222,87521.48
2025-06-18 00:00:00,1.221,1.226,1.22,1.226,32027.92
2025-06-18 04:00:00,1.226,1.245,1.223,1.232,153658.33
2025-06-18 08:00:00,1.234,1.237,1.217,1.222,98813.03
2025-06-18 12:00:00,1.224,1.227,1.21,1.218,111319.49
2025-06-18 16:00:00,1.22,1.22,1.208,1.215,88378.74
2025-06-18 20:00:00,1.214,1.226,1.213,1.223,47261.23
2025-06-19 00:00:00,1.223,1.229,1.22,1.227,35694.12
2025-06-19 04:00:00,1.225,1.227,1.216,1.218,28201.08
2025-06-19 08:00:00,1.219,1.225,1.213,1.216,52192.58
2025-06-19 12:00:00,1.215,1.223,1.208,1.21,65766.55
2025-06-19 16:00:00,1.21,1.221,1.207,1.214,50783.39
2025-06-19 20:00:00,1.215,1.219,1.21,1.217,35804.47
2025-06-20 00:00:00,1.216,1.219,1.212,1.213,28994.97
2025-06-20 04:00:00,1.214,1.22,1.202,1.21,109270.86
2025-06-20 08:00:00,1.21,1.235,1.205,1.231,201177.46
2025-06-20 12:00:00,1.23,1.242,1.216,1.216,188588.78
2025-06-20 16:00:00,1.215,1.224,1.2,1.21,171801.27
2025-06-20 20:00:00,1.207,1.214,1.193,1.196,71789.92
2025-06-21 00:00:00,1.195,1.212,1.193,1.209,25565.42
2025-06-21 04:00:00,1.209,1.211,1.195,1.206,59963.66
2025-06-21 08:00:00,1.204,1.206,1.187,1.193,127533.07
2025-06-21 12:00:00,1.192,1.198,1.165,1.174,254191.61
2025-06-21 16:00:00,1.174,1.184,1.166,1.166,123398.67
2025-06-21 20:00:00,1.166,1.171,1.128,1.146,214959.93
2025-06-22 00:00:00,1.146,1.161,1.139,1.144,153724.74
2025-06-22 04:00:00,1.144,1.177,1.144,1.161,132074.75
2025-06-22 08:00:00,1.161,1.167,1.136,1.151,191429.08
2025-06-22 12:00:00,1.153,1.155,1.097,1.1,384817.02
2025-06-22 16:00:00,1.1,1.106,1.086,1.087,244450.75
2025-06-22 20:00:00,1.086,1.101,1.073,1.099,354951.25
2025-06-23 00:00:00,1.1,1.119,1.096,1.117,85739.18
2025-06-23 04:00:00,1.117,1.154,1.11,1.142,156467.83
2025-06-23 08:00:00,1.143,1.161,1.131,1.14,175170.8
2025-06-23 12:00:00,1.142,1.177,1.135,1.165,192900.31
2025-06-23 16:00:00,1.167,1.189,1.14,1.184,345251.69
2025-06-23 20:00:00,1.185,1.211,1.176,1.198,290651.93
2025-06-24 00:00:00,1.197,1.201,1.186,1.196,67159.45
2025-06-24 04:00:00,1.197,1.208,1.147,1.168,343055.91
2025-06-24 08:00:00,1.169,1.199,1.167,1.186,117509.33
2025-06-24 12:00:00,1.186,1.196,1.181,1.193,217315.49
2025-06-24 16:00:00,1.193,1.208,1.186,1.191,111752.54
2025-06-24 20:00:00,1.192,1.222,1.189,1.206,134201.51
2025-06-25 00:00:00,1.207,1.211,1.2,1.202,35039.36
2025-06-25 04:00:00,1.203,1.205,1.181,1.187,89192.66
2025-06-25 08:00:00,1.187,1.213,1.183,1.194,188625.49
2025-06-25 12:00:00,1.196,1.217,1.188,1.197,164622.49
2025-06-25 16:00:00,1.197,1.224,1.195,1.222,118242.89
2025-06-25 20:00:00,1.223,1.233,1.209,1.212,171998.05
2025-06-26 00:00:00,1.212,1.232,1.207,1.223,73785.79
2025-06-26 04:00:00,1.225,1.233,1.215,1.223,159708.24
2025-06-26 08:00:00,1.223,1.228,1.204,1.209,153525.28
2025-06-26 12:00:00,1.21,1.211,1.178,1.19,192790.16
2025-06-26 16:00:00,1.19,1.2,1.175,1.182,208471.33
2025-06-26 20:00:00,1.182,1.199,1.174,1.182,93132.85
2025-06-27 00:00:00,1.18,1.19,1.17,1.184,57217.78
2025-06-27 04:00:00,1.182,1.191,1.17,1.172,93854.54
2025-06-27 08:00:00,1.172,1.198,1.171,1.191,112820.93
2025-06-27 12:00:00,1.193,1.205,1.181,1.201,104402.46
2025-06-27 16:00:00,1.2,1.207,1.178,1.189,124183.59
2025-06-27 20:00:00,1.19,1.206,1.187,1.199,95541.17
2025-06-28 00:00:00,1.199,1.218,1.195,1.206,76087.72
2025-06-28 04:00:00,1.206,1.214,1.19,1.195,59959.58
2025-06-28 08:00:00,1.193,1.199,1.183,1.183,94860.8
2025-06-28 12:00:00,1.185,1.204,1.182,1.196,115569.5
2025-06-28 16:00:00,1.195,1.204,1.195,1.199,41819.38
2025-06-28 20:00:00,1.195,1.207,1.192,1.202,34645.92
2025-06-29 00:00:00,1.201,1.209,1.192,1.194,24780.61
2025-06-29 04:00:00,1.194,1.2,1.188,1.194,53391.69
2025-06-29 08:00:00,1.194,1.208,1.187,1.204,96593.08
2025-06-29 12:00:00,1.205,1.22,1.193,1.217,170027.82
2025-06-29 16:00:00,1.215,1.217,1.196,1.197,67528.9
2025-06-29 20:00:00,1.197,1.213,1.193,1.207,55863.86
2025-06-30 00:00:00,1.207,1.222,1.204,1.214,54982.69
2025-06-30 04:00:00,1.211,1.213,1.196,1.201,57906.45
2025-06-30 08:00:00,1.199,1.206,1.191,1.2,151972.35
2025-06-30 12:00:00,1.203,1.22,1.183,1.216,158192.3
2025-06-30 16:00:00,1.218,1.228,1.21,1.215,172614.24
2025-06-30 20:00:00,1.217,1.232,1.21,1.228,156405.01
2025-07-01 00:00:00,1.228,1.233,1.217,1.22,59040.62
2025-07-01 04:00:00,1.221,1.224,1.202,1.214,104126.14
2025-07-01 08:00:00,1.214,1.228,1.201,1.224,241869.4
2025-07-01 12:00:00,1.227,1.227,1.204,1.209,138029.79
2025-07-01 16:00:00,1.211,1.217,1.197,1.202,103348.48
2025-07-01 20:00:00,1.202,1.22,1.2,1.205,89171.87
2025-07-02 00:00:00,1.205,1.207,1.185,1.198,109981.59
2025-07-02 04:00:00,1.198,1.204,1.194,1.2,87193.99
2025-07-02 08:00:00,1.202,1.204,1.191,1.195,56129.92
2025-07-02 12:00:00,1.196,1.216,1.189,1.216,113267.13
2025-07-02 16:00:00,1.215,1.231,1.209,1.221,274689.75
2025-07-02 20:00:00,1.222,1.223,1.198,1.213,144753.13
2025-07-03 00:00:00,1.213,1.221,1.207,1.207,66054.49
2025-07-03 04:00:00,1.208,1.219,1.205,1.216,53011.81
